词语,出现次数
数据,2136
A股,1077
股市,972
夜读,885
深度,845
关注,829
直播,807
收盘,794
今日,766
推荐,743
中国,737
开始,732
热点,727
舆情,703
市场,652
美国,588
11,526
10,453
敏感,385
12,377
更新,358
内容,341
如何,327
基金,311
业绩,300
同比,294
15,283
发现,260
价格,252
投资,238
美联储,237
20,233
经济,229
相关,229
继续,222
14,222
企业,221
00,214
美股,213
30,209
今天,206
21,205
预期,204
17,204
增长,197
08,194
地缘,193
图志,186
银行,186
16,185
13,185
18,180
机构,178
消费,175
22,170
哪些,168
为何,167
全球,167
19,166
PMI,164
09,164
债市,163
什么,159
公司,157
持续,155
上市,151
央行,148
行业,148
板块,147
影响,144
出口,144
汽车,144
CPI,135
降息,134
财新,130
香港,127
最新,123
加息,123
美元,122
风险,120
利润,120
制造业,120
人民币,118
通胀,116
新能源,116
关税,114
一季度,113
港股,112
25,109
增速,109
工业,109
业务,109
政策,108
特朗普,104
下滑,103
下降,103
指数,102
投资者,102
AI,102
日本,101
