code,name
920725,惠丰钻石
300270,中威电子
300626,华瑞股份
301232,飞沃科技
301468,博盈特焊
301292,海科新源
300179,四方达
301158,德石股份
300120,经纬辉开
301071,力量钻石
300959,线上线下
920896,旺成科技
688498,源杰科技
688345,博力威
300250,初灵信息
688772,珠海冠宇
688377,迪威尔
301152,天力锂能
301360,荣旗科技
920199,倍益康
688353,华盛锂电
920175,东方碳素
920010,凯添燃气
301617,博苑股份
300554,三超新材
300884,狄耐克
600103,青山纸业
601015,陕西黑猫
002084,海鸥住工
600681,百川能源
600758,辽宁能源
600121,郑州煤电
600408,安泰集团
600470,六国化工
300357,我武生物
600333,长春燃气
000917,电广传媒
002029,七 匹 狼
001330,博纳影业
600179,安通控股
002278,神开股份
000626,远大控股
601686,友发集团
000852,石化机械
603938,三孚股份
600604,市北高新
001267,汇绿生态
002067,景兴纸业
002861,瀛通通讯
002654,万润科技
002173,创新医疗
003029,吉大正元
600262,北方股份
600593,大连圣亚
001379,腾达科技
603933,睿能科技
002767,先锋电子
002829,星网宇达
600192,长城电工
001282,三联锻造
603822,嘉澳环保
603069,海汽集团
605318,法狮龙
605580,恒盛能源
002935,天奥电子
600403,大有能源
600173,卧龙新能
600172,黄河旋风
600617,国新能源
601608,中信重工
002893,京能热力
002796,世嘉科技
002083,孚日股份
601011,宝泰隆
001228,永泰运
603703,盛洋科技
603083,剑桥科技
603115,海星股份
603316,诚邦股份
001314,亿道信息
603803,瑞斯康达
603322,超讯通信
603159,上海亚虹
600376,首开股份
603861,白云电器
603685,晨丰科技
605399,晨光新材
000592,平潭发展
002249,大洋电机
600635,大众公用
002054,德美化工
600792,云煤能源
000692,惠天热电
000620,盈新发展
300081,恒信东方
603162,海通发展
300971,博亚精工
688651,盛邦安全
688048,长光华芯
300421,力星股份
688551,科威尔
601666,平煤股份
688148,芳源股份
300072,海新能科
301002,崧盛股份
688577,浙海德曼
301251,威尔高
688196,卓越新能
300332,天壕能源
603099,长白山
603228,景旺电子
301377,鼎泰高科
600460,士兰微
300684,中石科技
301550,斯菱股份
301180,万祥科技
600933,爱柯迪
688500,慧辰股份
688685,迈信林
688236,春立医疗
688313,仕佳光子
301201,诚达药业
300943,春晖智控
300308,中际旭创
300394,天孚通信
301598,博科测试
002028,思源电气
000530,冰山冷热
300159,*ST新研
301093,华兰股份
603090,宏盛股份
000679,大连友谊
300753,爱朋医疗
600149,廊坊发展
605169,洪通燃气
601001,晋控煤业
600884,杉杉股份
000010,美丽生态
601699,潞安环能
920152,昆工科技
300327,中颖电子
301567,贝隆精密
000796,凯撒旅业
002346,柘中股份
002017,东信和平
002664,信质集团
301008,宏昌科技
300537,广信材料
688215,瑞晟智能
300369,绿盟科技
301456,盘古智能
600580,卧龙电驱
600984,建设机械
600748,上实发展
301225,恒勃股份
600115,中国东航
300670,大烨智能
688668,鼎通科技
920706,铁拓机械
002700,万憬能源
300652,雷迪克
300964,本川智能
600348,华阳股份
002725,跃岭股份
002050,三花智控
688213,思特威-W
300029,*ST天龙
688248,南网科技
600167,联美控股
300596,利安隆
920651,天罡股份
300065,海兰信
600029,南方航空
603312,西典新能
600783,鲁信创投
300955,嘉亨家化
300512,中亚股份
300995,奇德新材
301189,奥尼电子
301125,腾亚精工
688028,沃尔德
002384,东山精密
002171,楚江新材
000962,东方钽业
920689,克莱特
301122,采纳股份
688528,秦川物联
002416,爱施德
603010,万盛股份
301300,远翔新材
000519,中兵红箭
688307,中润光学
000905,厦门港务
002407,多氟多
688131,皓元医药
002062,宏润建设
300483,首华燃气
603301,振德医疗
603226,菲林格尔
605133,嵘泰股份
600903,贵州燃气
300035,中科电气
000968,蓝焰控股
603687,大胜达
300565,科信技术
300518,新迅达
301041,金百泽
300735,光弘科技
600990,四创电子
920719,宁新新材
300681,英搏尔
688311,盟升电子
002928,华夏航空
002342,巨力索具
300018,中元股份
920641,格利尔
688023,安恒信息
301330,熵基科技
300933,中辰股份
688255,凯尔达
002201,九鼎新材
688087,英科再生
300080,易成新能
603192,汇得科技
688411,海博思创
300707,威唐工业
301210,金杨股份
920942,恒立钻具
300520,科大国创
301183,东田微
002141,贤丰控股
300715,凯伦股份
300497,富祥药业
002174,游族网络
600546,山煤国际
301575,艾芬达
002448,中原内配
603535,嘉诚国际
600775,南京熊猫
300718,长盛轴承
688800,瑞可达
603903,中持股份
603530,神马电力
600123,兰花科创
301067,显盈科技
688155,先惠技术
002043,兔 宝 宝
002728,特一药业
603344,星德胜
300713,英可瑞
300227,光韵达
002138,顺络电子
600719,大连热电
688109,品茗科技
301338,凯格精机
301119,正强股份
000820,*ST节能
002313,日海智能
603666,亿嘉和
002717,ST岭南
600388,龙净环保
002231,*ST奥维
688656,浩欧博
301200,大族数控
603233,大参林
603991,至正股份
920375,派诺科技
600243,*ST海华
600892,*ST大晟
603299,苏盐井神
000955,欣龙控股
600753,*ST海钦
600381,*ST春天
600599,*ST熊猫
002713,*ST东易
688332,中科蓝讯
688622,禾信仪器
002868,*ST绿康
600228,*ST返利
603261,*ST立航
603007,*ST花王
000004,*ST国华
688237,超卓航科
300137,ST先河
002592,ST八菱
688680,海优新材
600735,ST新华锦
000638,*ST万方
300890,翔丰华
688102,斯瑞新材
000609,ST中迪
600689,上海三毛
300961,深水海纳
300474,景嘉微
002485,ST雪发
002195,岩山科技
920357,雅葆轩
002542,中化岩土
002630,ST华西
301045,天禄科技
688626,翔宇医疗
600686,金龙汽车
002471,中超控股
300521,爱司凯
300405,科隆股份
300410,正业科技
002193,如意集团
300154,瑞凌股份
603706,东方环宇
301079,邵阳液压
300969,恒帅股份
688073,毕得医药
688059,华锐精密
605111,新洁能
301446,福事特
300810,中科海讯
002988,豪美新材
002184,海得控制
688556,高测股份
002795,永和智控
603660,苏州科达
002586,*ST围海
002629,仁智股份
688125,安达智能
002316,亚联发展
601798,蓝科高新
300255,常山药业
600740,山西焦化
002554,惠博普
688319,欧林生物
002259,升达林业
002422,科伦药业
603028,赛福天
688115,思林杰
301120,新特电气
301105,鸿铭股份
688388,嘉元科技
002104,恒宝股份
002569,*ST步森
002822,*ST中装
300013,新宁物流
301631,壹连科技
002724,海洋王
603038,华立股份
600996,贵广网络
605123,派克新材
600105,永鼎股份
002348,高乐股份
301584,建发致新
000558,天府文旅
600810,神马股份
688306,均普智能
002305,*ST南置
300430,诚益通
300804,广康生化
300434,金石亚药
002824,和胜股份
000949,新乡化纤
002297,博云新材
300861,美畅股份
301256,华融化学
301607,富特科技
300324,旋极信息
688662,富信科技
603021,ST华鹏
605389,长龄液压
002859,洁美科技
002463,沪电股份
301110,青木科技
000685,中山公用
300538,同益股份
603800,洪田股份
605208,永茂泰
002282,博深股份
600608,*ST沪科
002317,众生药业
300335,迪森股份
688202,美迪西
603326,我乐家居
300349,金卡智能
002409,雅克科技
688270,臻镭科技
600864,哈投股份
603072,天和磁材
920807,奔朗新材
002108,沧州明珠
688066,航天宏图
301021,英诺激光
600640,国脉文化
300573,兴齐眼药
301248,杰创智能
688239,航宇科技
300082,奥克股份
002689,远大智能
920810,春光智能
600699,均胜电子
000586,汇源通信
688158,优刻得-W
601208,东材科技
688636,智明达
300530,领湃科技
000668,*ST荣控
300551,古鳌科技
601628,中国人寿
300593,新雷能
603595,东尼电子
603728,鸣志电器
600848,上海临港
688227,品高股份
002517,恺英网络
002789,*ST建艺
301192,泰祥股份
920407,驰诚股份
300528,幸福蓝海
002902,铭普光磁
300502,新易盛
300866,安克创新
603179,新泉股份
600639,浦东金桥
300850,新强联
300620,光库科技
603536,惠发食品
300882,万胜智能
600516,方大炭素
300780,德恩精工
603386,骏亚科技
002792,通宇通讯
000520,凤凰航运
300461,田中精机
600935,华塑股份
002591,恒大高新
600345,长江通信
001209,洪兴股份
301202,朗威股份
301486,致尚科技
000981,山子高科
603590,康辰药业
301205,联特科技
000983,山西焦煤
002912,中新赛克
002324,普利特
300221,银禧科技
000803,山高环能
300637,扬帆新材
301063,海锅股份
600726,华电能源
002009,天奇股份
002708,光洋股份
300268,*ST佳沃
600026,中远海能
688689,银河微电
301001,凯淳股份
300771,智莱科技
300373,扬杰科技
002823,凯中精密
301312,智立方
002947,恒铭达
301238,瑞泰新材
001390,古麒绒材
301278,快可电子
688701,卓锦股份
002729,好利科技
300549,优德精密
300739,明阳电路
002048,宁波华翔
001229,魅视科技
301070,开勒股份
603839,安正时尚
301188,力诺药包
920906,舜宇精工
603048,浙江黎明
603076,乐惠国际
300889,爱克股份
688308,欧科亿
605011,杭州热电
002780,三夫户外
002490,山东墨龙
300190,维尔利
301108,洁雅股份
688022,瀚川智能
603767,中马传动
002162,悦心健康
688269,凯立新材
600288,大恒科技
603124,江南新材
300176,鸿特科技
600579,中化装备
300220,金运激光
603289,泰瑞机器
301182,凯旺科技
003005,竞业达
688165,埃夫特-U
300937,药易购
920717,瑞星股份
002799,环球印务
002527,新时达
001283,豪鹏科技
002747,埃斯顿
300857,协创数据
002074,国轩高科
603669,灵康药业
301381,赛维时代
000518,*ST四环
301511,德福科技
688665,四方光电
300051,琏升科技
300175,ST朗源
603131,上海沪工
301080,百普赛斯
002343,慈文传媒
300232,洲明科技
300671,富满微
300632,光莆股份
603356,华菱精工
000697,*ST炼石
600530,交大昂立
688396,华润微
300076,GQY视讯
002871,伟隆股份
300647,超频三
600985,淮北矿业
300514,友讯达
603568,伟明环保
300939,秋田微
002388,ST新亚
688499,利元亨
600302,标准股份
688300,联瑞新材
300599,雄塑科技
601689,拓普集团
605151,西上海
605162,新中港
601900,南方传媒
300635,中达安
300191,潜能恒信
688208,道通科技
688272,富吉瑞
300867,圣元环保
603112,华翔股份
600143,金发科技
688183,生益电子
605068,明新旭腾
002238,天威视讯
002272,川润股份
688257,新锐股份
300162,雷曼光电
600118,中国卫星
600152,维科技术
920445,龙竹科技
300876,蒙泰高新
301087,可孚医疗
002679,福建金森
603177,德创环保
600221,海航控股
300084,海默科技
600463,空港股份
301293,三博脑科
002879,长缆科技
000833,粤桂股份
300316,晶盛机电
603730,岱美股份
001336,楚环科技
603986,兆易创新
300491,通合科技
600971,恒源煤电
301361,众智科技
603101,汇嘉时代
001287,中电港
920926,鸿智科技
002524,光正眼科
600973,宝胜股份
301137,哈焊华通
300417,南华仪器
003007,直真科技
002888,惠威科技
300907,康平科技
300853,申昊科技
688717,艾罗能源
300586,美联新材
300706,阿石创
300731,科创新源
300471,厚普股份
002857,三晖电气
920146,华阳变速
301306,西测测试
688617,惠泰医疗
300432,富临精工
002803,吉宏股份
001306,夏厦精密
301285,鸿日达
300214,日科化学
002742,*ST三圣
002766,索菱股份
000421,南京公用
002631,德尔未来
603819,神力股份
688222,成都先导
300690,双一科技
603790,雅运股份
301023,江南奕帆
688135,利扬芯片
002993,奥海科技
300207,欣旺达
603282,亚光股份
603118,共进股份
002212,天融信
688697,纽威数控
300195,长荣股份
300371,汇中股份
601138,工业富联
300007,汉威科技
301150,中一科技
300128,锦富技术
301031,中熔电气
688189,南新制药
688585,上纬新材
920195,三祥科技
688466,金科环境
603156,养元饮品
688210,统联精密
300695,兆丰股份
300252,金信诺
002350,北京科锐
603036,如通股份
000573,粤宏远Ａ
601101,昊华能源
002472,双环传动
002339,积成电子
002497,雅化集团
600515,海南机场
003023,彩虹集团
300450,先导智能
301055,张小泉
300697,电工合金
300135,宝利国际
301083,百胜智能
605366,宏柏新材
300569,天能重工
688737,中自科技
603948,建业股份
300505,川金诺
002652,扬子新材
300444,双杰电气
300211,*ST亿通
600660,福耀玻璃
002576,通达动力
300484,蓝海华腾
688186,广大特材
920957,汉维科技
301529,福赛科技
002382,蓝帆医疗
688182,灿勤科技
688025,杰普特
300068,南都电源
603869,ST智知
002931,锋龙股份
603656,泰禾智能
300757,罗博特科
688071,华依科技
600603,ST广物
301369,联动科技
000029,深深房Ａ
301135,瑞德智能
301519,舜禹股份
300531,优博讯
301353,普莱得
603029,天鹅股份
603190,亚通精工
300903,科翔股份
300665,飞鹿股份
300546,雄帝科技
603313,梦百合
301509,金凯生科
688385,复旦微电
000415,渤海租赁
300230,永利股份
600538,国发股份
301231,荣信文化
688357,建龙微纳
002115,三维通信
603488,展鹏科技
603818,曲美家居
002909,集泰股份
002669,康达新材
300259,新天科技
601616,广电电气
000550,江铃汽车
301218,华是科技
300071,福石控股
301037,保立佳
300062,中能电气
300488,恒锋工具
603626,科森科技
300802,矩子科技
688328,深科达
300745,欣锐科技
688458,美芯晟
001239,永达股份
603393,新天然气
002851,麦格米特
600676,交运股份
688485,九州一轨
301100,风光股份
300585,奥联电子
300310,宜通世纪
603727,博迈科
300801,泰和科技
688561,奇安信-U
002938,鹏鼎控股
300773,拉卡拉
300904,威力传动
603608,天创时尚
301516,中远通
002921,联诚精密
002046,国机精工
000504,*ST生物
002905,金逸影视
603319,美湖股份
920662,方盛股份
688607,康众医疗
300532,今天国际
000636,风华高科
002006,精工科技
000723,美锦能源
002991,甘源食品
688399,硕世生物
002666,德联集团
002782,可立克
600749,西藏旅游
002319,乐通股份
920300,辰光医疗
002440,闰土股份
688395,正弦电气
000068,华控赛格
300605,恒锋信息
300306,远方信息
301126,达嘉维康
601996,丰林集团
002134,天津普林
688609,九联科技
300814,中富电路
688039,当虹科技
600188,兖矿能源
600667,太极实业
003032,*ST传智
603001,奥康国际
300126,锐奇股份
603786,科博达
000856,冀东装备
300052,ST中青宝
688508,芯朋微
600203,福日电子
000065,北方国际
300640,德艺文创
301118,恒光股份
300123,亚光科技
300165,ST天瑞
300543,朗科智能
300980,祥源新材
688448,磁谷科技
688778,厦钨新能
300274,阳光电源
688659,元琛科技
603088,宁波精达
002303,美盈森
601898,中煤能源
003025,思进智能
300988,津荣天宇
301121,紫建电子
603275,众辰科技
003019,宸展光电
600759,洲际油气
600928,西安银行
002843,泰嘉股份
300700,岱勒新材
300386,飞天诚信
301033,迈普医学
002475,立讯精密
300112,万讯自控
000158,常山北明
300295,三六五网
000757,浩物股份
000923,河钢资源
688359,三孚新科
000922,佳电股份
300717,华信新材
601890,亚星锚链
002702,海欣食品
002890,弘宇股份
002694,顾地科技
002148,北纬科技
603193,润本股份
600595,中孚实业
002695,煌上煌
600284,浦东建设
603681,永冠新材
300069,金利华电
688416,恒烁股份
300412,迦南科技
300720,海川智能
301258,富士莱
000020,深华发Ａ
601918,新集能源
300283,温州宏丰
300823,建科智能
002326,永太科技
300045,华力创通
603665,康隆达
300100,双林股份
300106,西部牧业
300535,达威股份
600543,莫高股份
002247,聚力文化
600330,天通股份
603577,汇金通
688170,德龙激光
300941,创识科技
688090,瑞松科技
301305,朗坤科技
300570,太辰光
002120,韵达股份
603117,万林物流
300025,华星创业
002380,科远智慧
603173,福斯达
301608,博实结
300153,科泰电源
300660,江苏雷利
688372,伟测科技
300645,正元智慧
000701,厦门信达
300564,筑博设计
002105,信隆健康
000823,超声电子
603025,大豪科技
920225,利通科技
688678,福立旺
600448,华纺股份
603129,春风动力
002855,捷荣技术
002858,力盛体育
600754,锦江酒店
000988,华工科技
300644,南京聚隆
688309,恒誉环保
001331,胜通能源
920378,泰德股份
002334,英威腾
002331,皖通科技
603006,联明股份
605069,正和生态
300249,依米康
300287,飞利信
300447,全信股份
600215,派斯林
301138,华研精机
688199,久日新材
002741,光华科技
002925,盈趣科技
002318,久立特材
300074,华平股份
301157,华塑科技
300050,世纪鼎利
603341,龙旗科技
688767,博拓生物
600249,两面针
300990,同飞股份
300504,天邑股份
920339,恒太照明
600379,宝光股份
601975,招商南油
603950,长源东谷
000663,永安林业
300422,博世科
301197,工大科雅
002864,盘龙药业
300264,佳创视讯
300966,共同药业
688593,新相微
300427,红相股份
301051,信濠光电
301596,瑞迪智驱
600137,浪莎股份
600577,精达股份
300489,光智科技
600800,渤海化学
002445,中南文化
301129,瑞纳智能
301132,满坤科技
300245,天玑科技
603890,春秋电子
601279,英利汽车
300828,锐新科技
300787,海能实业
002633,申科股份
301428,世纪恒通
603290,斯达半导
301072,中捷精工
300816,艾可蓝
600336,澳柯玛
603500,祥和实业
000571,新大洲A
300694,蠡湖股份
603298,杭叉集团
001376,百通能源
002363,隆基机械
301282,金禄电子
301005,超捷股份
300334,津膜科技
600791,京能置业
920252,天宏锂电
688292,浩瀚深度
002243,力合科创
300321,同大股份
600592,龙溪股份
002553,南方精工
002863,今飞凯达
002639,雪人集团
300480,光力科技
002451,摩恩电气
600725,云维股份
301626,苏州天脉
301139,元道通信
002076,*ST星光
002733,雄韬股份
300800,力合科技
002846,英联股份
300985,致远新能
920873,中设咨询
002821,凯莱英
600844,金煤科技
002579,中京电子
601111,中国国航
603598,引力传媒
600355,*ST精伦
000593,德龙汇能
300822,贝仕达克
605018,长华集团
000633,合金投资
001218,丽臣实业
603628,清源股份
600478,科力远
688611,杭州柯林
688127,蓝特光学
603268,*ST松发
301419,阿莱德
300046,台基股份
300879,大叶股份
300859,西域旅游
301359,东南电子
600241,时代万恒
002378,章源钨业
002425,ST凯文
688070,纵横股份
688253,英诺特
688256,寒武纪-U
301399,英特科技
605186,健麾信息
300870,欧陆通
301217,铜冠铜箔
301212,联盛化学
600624,ST复华
002826,易明医药
002441,众业达
300616,尚品宅配
603895,天永智能
301528,多浦乐
300615,欣天科技
301568,思泰克
688356,键凯科技
300449,汉邦高科
600130,*ST波导
002245,蔚蓝锂芯
603713,密尔克卫
688205,德科立
600303,曙光股份
002624,完美世界
300248,新开普
300196,长海股份
300540,蜀道装备
688045,必易微
600843,上工申贝
301032,新柴股份
920895,花溪科技
300478,杭州高新
002353,杰瑞股份
301489,思泉新材
000829,天音控股
301298,东利机械
688400,凌云光
688682,霍莱沃
301089,拓新药业
605033,美邦股份
301043,绿岛风
000887,中鼎股份
300680,隆盛科技
600829,人民同泰
002760,凤形股份
002255,海陆重工
300419,ST浩丰
920593,鼎智科技
300736,百邦科技
688573,信宇人
002722,物产金轮
000509,华塑控股
300040,九洲集团
603936,博敏电子
301113,雅艺科技
688285,高铁电气
600158,中体产业
300784,利安科技
300621,维业股份
300003,乐普医疗
300019,硅宝科技
000889,中嘉博创
002161,远 望 谷
920809,安达科技
002616,长青集团
600202,哈空调
300561,*ST汇科
300363,博腾股份
688139,海尔生物
002698,博实股份
603165,荣晟环保
300817,双飞集团
600654,中安科
300032,金龙机电
600128,苏豪弘业
920685,新芝生物
300467,迅游科技
002486,嘉麟杰
688049,炬芯科技
300053,航宇微
000159,国际实业
300460,惠伦晶体
688507,索辰科技
603206,嘉环科技
300976,达瑞电子
688588,凌志软件
002426,胜利精密
300584,海辰药业
603617,君禾股份
688661,和林微纳
300436,广生堂
002590,万安科技
300949,奥雅股份
600207,安彩高科
920019,铜冠矿建
300381,溢多利
300793,佳禾智能
605180,华生科技
600163,中闽能源
002546,新联电子
300701,森霸传感
603738,泰晶科技
300343,ST联创
301160,翔楼新材
688793,倍轻松
002498,汉缆股份
600365,ST通葡
600936,广西广电
603333,尚纬股份
301022,海泰科
301131,聚赛龙
300342,天银机电
688060,云涌科技
300928,华安鑫创
600227,赤天化
002536,飞龙股份
002235,安妮股份
301487,盟固利
600053,九鼎投资
603729,龙韵股份
300515,三德科技
603937,丽岛新材
300577,开润股份
603616,韩建河山
603939,益丰药房
688579,山大地纬
300688,创业黑马
300243,瑞丰高材
301279,金道科技
002099,海翔药业
688147,微导纳米
601857,中国石油
000816,智慧农业
002125,湘潭电化
300370,安控科技
603398,*ST沐邦
001210,金房能源
002540,亚太科技
603020,爱普股份
002856,美芝股份
600522,中天科技
300968,格林精密
600560,金自天正
300778,新城市
301336,趣睡科技
301136,招标股份
688700,东威科技
002446,盛路通信
300827,上能电气
603335,迪生力
300242,佳云科技
300265,通光线缆
920570,坤博精工
301309,万得凯
601179,中国西电
002850,科达利
000049,德赛电池
603121,华培动力
000720,新能泰山
603838,*ST四通
301386,未来电器
600258,首旅酒店
688293,奥浦迈
603817,海峡环保
301280,珠城科技
301313,凡拓数创
002801,微光股份
002753,永东股份
600157,永泰能源
603188,亚邦股份
688159,有方科技
002913,奥士康
600706,曲江文旅
301372,科净源
002196,方正电机
603166,福达股份
603097,江苏华辰
300333,兆日科技
002376,新北洋
002069,獐子岛
603949,雪龙集团
000407,胜利股份
600508,上海能源
603507,振江股份
300936,中英科技
300279,和晶科技
003036,泰坦股份
920876,慧为智能
688027,国盾量子
605277,新亚电子
300246,宝莱特
301176,逸豪新材
300812,易天股份
688707,振华新材
301413,安培龙
301548,崇德科技
688718,唯赛勃
000811,冰轮环境
301220,亚香股份
301320,豪江智能
002211,ST宏达
301321,翰博高新
301349,信德新材
000868,安凯客车
301458,钧崴电子
301255,通力科技
001266,宏英智能
300408,三环集团
300992,泰福泵业
000995,皇台酒业
920870,恒进感应
603236,移远通信
301365,矩阵股份
300651,金陵体育
688261,东微半导
000637,茂化实华
605058,澳弘电子
002809,红墙股份
301337,亚华电子
600180,瑞茂通
301006,迈拓股份
000525,红太阳
601139,深圳燃气
000678,襄阳轴承
301229,纽泰格
002997,瑞鹄模具
300385,雪浪环境
301517,陕西华达
300037,新宙邦
688681,科汇股份
300275,梅安森
001259,利仁科技
300155,安居宝
603259,药明康德
300843,胜蓝股份
300109,新开源
600616,金枫酒业
301302,华如科技
001255,博菲电气
002337,赛象科技
002356,赫美集团
600879,航天电子
301073,君亭酒店
002819,东方中科
300533,冰川网络
301246,宏源药业
688067,爱威科技
301368,丰立智能
603359,东珠生态
002130,沃尔核材
301502,华阳智能
001299,美能能源
002355,兴民智通
301658,首航新能
688217,睿昂基因
002657,中科金财
002707,众信旅游
600825,新华传媒
688819,天能股份
600156,华升股份
300750,宁德时代
300623,捷捷微电
300556,丝路视觉
301211,亨迪药业
300016,北陆药业
300872,天阳科技
002397,梦洁股份
603318,水发燃气
001339,智微智能
601106,中国一重
603982,泉峰汽车
002023,海特高新
603296,华勤技术
301191,菲菱科思
300956,英力股份
603511,爱慕股份
000570,苏常柴Ａ
603329,上海雅仕
300885,海昌新材
300721,怡达股份
000837,秦川机床
601188,龙江交通
600846,同济科技
688113,联测科技
600099,林海股份
603879,永悦科技
300075,数字政通
002229,鸿博股份
002620,ST瑞和
603976,正川股份
002712,思美传媒
688627,精智达
002650,ST加加
000698,ST沈化
300977,深圳瑞捷
300548,长芯博创
300171,东富龙
301520,万邦医药
300229,拓尔思
300163,先锋新材
603897,长城科技
600959,江苏有线
002055,得润电子
002072,凯瑞德
601156,东航物流
301418,协昌科技
002263,大东南
600468,百利电气
001373,翔腾新材
002512,达华智能
300234,开尔新材
300073,当升科技
301515,港通医疗
300578,会畅通讯
000552,甘肃能化
001270,*ST铖昌
002300,太阳电缆
300837,浙矿股份
300365,恒华科技
600834,申通地铁
600110,诺德股份
002514,宝馨科技
600080,金花股份
300547,川环科技
000948,南天信息
300913,兆龙互连
301227,森鹰窗业
300597,吉大通信
300726,宏达电子
300030,阳普医疗
300594,朗进科技
301230,泓博医药
603990,麦迪科技
300541,先进数通
002008,大族激光
688327,云从科技-UW
300831,派瑞股份
603138,海量数据
688323,瑞华泰
002306,*ST云网
603067,振华股份
301469,恒达新材
688616,西力科技
002284,亚太股份
920455,汇隆活塞
688286,敏芯股份
688262,国芯科技
300513,恒实科技
301299,卓创资讯
000809,和展能源
300656,民德电子
001268,联合精密
300746,汉嘉设计
300277,海联讯
300182,捷成股份
600615,鑫源智造
688355,明志科技
688671,碧兴物联
603281,江瀚新材
300300,海峡创新
920198,微创光电
301390,经纬股份
300345,华民股份
600703,三安光电
300241,瑞丰光电
688378,奥来德
603023,威帝股份
300350,华鹏飞
688733,壹石通
002732,燕塘乳业
002012,凯恩股份
002587,奥拓电子
000928,中钢国际
300134,大富科技
001217,华尔泰
002383,合众思壮
002599,盛通股份
000532,华金资本
002059,云南旅游
001202,炬申股份
002210,飞马国际
600704,物产中大
300997,欢乐家
688719,爱科赛博
000151,中成股份
301009,可靠股份
300157,新锦动力
301317,鑫磊股份
002883,中设股份
301085,亚康股份
600651,飞乐音响
603040,新坐标
002533,金杯电工
300033,同花顺
002398,垒知集团
688187,XD时代电
600527,江南高纤
300811,铂科新材
002769,普路通
000925,众合科技
300798,锦鸡股份
002369,卓翼科技
002870,香山股份
002691,冀凯股份
603311,金海高科
002215,诺 普 信
300891,惠云钛业
301170,锡南科技
688055,龙腾光电
601058,赛轮轮胎
605066,天正电气
002955,鸿合科技
002151,北斗星通
603103,横店影视
600917,重庆燃气
300352,北信源
002204,大连重工
603068,博通集成
301322,绿通科技
301378,通达海
603031,安孚科技
688216,气派科技
603901,永创智能
300055,万邦达
300225,*ST金泰
600439,瑞贝卡
601231,环旭电子
600778,友好集团
300240,飞力达
301311,昆船智能
600982,宁波能源
300862,蓝盾光电
002805,丰元股份
300749,顶固集创
603127,昭衍新药
600573,惠泉啤酒
301081,严牌股份
301181,标榜股份
001296,长江材料
603136,天目湖
301328,维峰电子
601100,恒立液压
300978,东箭科技
300805,电声股份
603016,新宏泰
603065,宿迁联盛
002462,嘉事堂
301479,弘景光电
300319,麦捷科技
688057,金达莱
002314,南山控股
920519,万德股份
002320,海峡股份
920914,远航精密
300426,华智数媒
600250,南京商旅
000937,冀中能源
000888,峨眉山Ａ
600981,苏豪汇鸿
002005,ST德豪
300693,盛弘股份
603381,永臻股份
002930,宏川智慧
688589,力合微
300657,弘信电子
300986,志特新材
000007,全新好
300624,万兴科技
300063,天龙集团
002021,中捷资源
600233,圆通速递
002692,远程股份
601588,北辰实业
688367,工大高科
603309,维力医疗
603682,锦和商管
000565,渝三峡Ａ
603466,风语筑
301383,天键股份
688380,中微半导
000978,桂林旅游
600360,*ST华微
300407,凯发电气
603611,诺力股份
300366,ST创意
002656,*ST摩登
000892,欢瑞世纪
301097,天益医疗
003041,真爱美家
003018,金富科技
600525,ST长园
688545,兴福电子
688676,金盘科技
688529,豪森智能
002267,陕天然气
000810,创维数字
002703,浙江世宝
301127,武汉天源
603073,彩蝶实业
301314,科瑞思
601007,金陵饭店
688178,万德斯
301329,信音电子
300922,天秦装备
002719,麦趣尔
300228,富瑞特装
000802,北京文化
002188,中天服务
002309,中利集团
600476,湘邮科技
603155,新亚强
300649,杭州园林
002981,朝阳科技
301057,汇隆新材
300571,平治信息
300851,交大思诺
688489,三未信安
300845,捷安高科
603583,捷昌驱动
301185,鸥玛软件
688013,天臣医疗
002655,共达电声
301172,君逸数码
000953,河化股份
002186,全 聚 德
300923,研奥股份
002119,康强电子
688195,腾景科技
603273,天元智能
300659,中孚信息
300519,新光药业
600148,长春一东
600925,苏能股份
920305,*ST云创
300218,安利股份
920100,三协电机
688096,京源环保
300148,天舟文化
301397,溯联股份
688212,澳华内镜
603051,鹿山新材
002862,实丰文化
603917,合力科技
300770,新媒股份
300503,昊志机电
000670,盈方微
000632,三木集团
601133,柏诚股份
600265,ST景谷
000736,*ST中地
300083,创世纪
001230,劲旅环境
003011,海象新材
300487,蓝晓科技
603779,威龙股份
688121,卓然股份
300606,金太阳
920786,骑士乳业
301387,光大同创
301577,美信科技
002877,智能自控
600160,巨化股份
002333,罗普斯金
300423,昇辉科技
300473,德尔股份
301017,漱玉平民
605288,凯迪股份
688618,三旺通信
688565,力源科技
920508,殷图网联
002551,尚荣医疗
688567,孚能科技
603050,科林电气
605218,伟时电子
301040,中环海陆
301038,深水规院
688517,金冠电气
603161,科华控股
600875,东方电气
300929,华骐环保
600495,晋西车轴
605179,一鸣食品
688017,绿的谐波
300769,德方纳米
002164,宁波东力
600312,平高电气
300612,宣亚国际
301499,维科精密
300238,冠昊生物
603053,成都燃气
300219,鸿利智汇
301151,冠龙节能
600089,特变电工
301252,同星科技
002765,蓝黛科技
300131,英唐智控
000628,高新发展
300239,东宝生物
002866,传艺科技
301566,达利凯普
002841,视源股份
600986,浙文互联
603022,新通联
688595,芯海科技
603278,大业股份
300580,贝斯特
603214,爱婴室
601225,陕西煤业
002218,拓日新能
603331,百达精工
600370,三房巷
002454,松芝股份
920675,秉扬科技
000926,福星股份
601083,锦江航运
302132,中航成飞
688418,震有科技
002136,安 纳 达
300982,苏文电能
301259,艾布鲁
002395,双象股份
600367,红星发展
920454,同心传动
600938,中国海油
301662,宏工科技
601788,光大证券
300942,易瑞生物
300403,汉宇集团
002875,安奈儿
002172,澳洋健康
688698,伟创电气
300129,泰胜风能
688428,诺诚健华-U
603768,常青股份
605365,立达信
002995,天地在线
002598,山东章鼓
688531,日联科技
688338,赛科希德
301203,国泰环保
601956,东贝集团
002335,科华数据
300572,安车检测
300607,拓斯达
688420,美腾科技
688419,耐科装备
300395,菲利华
301380,挖金客
603391,力聚热能
000735,罗 牛 山
002522,浙江众成
603125,常青科技
603883,老百姓
300479,神思电子
000657,中钨高新
301395,仁信新材
601226,华电科工
301222,浙江恒威
920090,同辉信息
300496,中科创达
603219,富佳股份
301366,一博科技
000839,国安股份
002086,东方海洋
920580,科创新材
300825,阿尔特
300457,赢合科技
600969,郴电国际
002146,荣盛发展
601700,风范股份
605117,德业股份
300927,江天化学
002748,世龙实业
688591,泰凌微
688557,兰剑智能
001269,欧晶科技
301632,广东建科
603968,醋化股份
000665,湖北广电
002617,露笑科技
002310,东方园林
605167,利柏特
000551,创元科技
301277,新天地
603360,百傲化学
300301,ST长方
301198,喜悦智行
301273,瑞晨环保
600722,金牛化工
301505,苏州规划
002117,东港股份
000669,ST金鸿
300981,中红医疗
002662,峰璟股份
000428,华天酒店
688169,石头科技
001231,农心科技
002975,博杰股份
601016,节能风电
001896,豫能控股
603122,合富中国
603689,皖天然气
600889,南京化纤
002495,佳隆股份
300679,电连技术
002559,亚威股份
002207,准油股份
300452,山河药辅
920670,数字人
300935,盈建科
600256,广汇能源
000607,华媒控股
688560,明冠新材
301512,智信精密
920961,创远信科
002882,金龙羽
603032,德新科技
002413,雷科防务
688160,步科股份
002730,电光科技
605369,拱东医疗
300021,大禹节水
603390,通达电气
301408,华人健康
605008,长鸿高科
300375,鹏翎股份
000605,渤海股份
688590,新致软件
002745,木林森
300975,商络电子
603506,南都物业
301020,密封科技
600601,方正科技
600022,山东钢铁
300583,赛托生物
603270,金帝股份
300215,电科院
300359,全通教育
600356,恒丰纸业
300501,海顺新材
603586,金麒麟
002476,宝莫股份
605088,冠盛股份
605098,行动教育
002873,新天药业
920239,长虹能源
300792,壹网壹创
688184,ST帕瓦
002915,中欣氟材
300476,胜宏科技
002842,翔鹭钨业
688163,赛伦生物
920057,百甲科技
300664,鹏鹞环保
300916,朗特智能
688478,晶升股份
002131,利欧股份
603737,三棵树
300864,南大环境
603332,苏州龙杰
603912,佳力图
301318,维海德
603662,柯力传感
002696,百洋股份
002642,荣联科技
600658,电子城
603980,吉华集团
300809,华辰装备
300391,*ST长药
601118,海南橡胶
001359,平安电工
301076,新瀚新材
300493,润欣科技
301276,嘉曼服饰
688162,巨一科技
603328,依顿电子
300921,南凌科技
600776,东方通信
603176,汇通集团
603324,盛剑科技
001256,炜冈科技
688288,鸿泉物联
603070,万控智造
003031,中瓷电子
301261,恒工精密
301196,唯科科技
603920,世运电路
300958,建工修复
603516,淳中科技
300629,新劲刚
300314,戴维医疗
688368,晶丰明源
002011,盾安环境
688001,华兴源创
300838,浙江力诺
688072,拓荆科技
920781,瑞奇智造
301069,凯盛新材
600287,苏豪时尚
000756,新华制药
000797,中国武夷
688157,松井股份
603013,亚普股份
301539,宏鑫科技
600051,宁波联合
300643,万通智控
000903,ST云动
301163,宏德股份
300743,天地数码
002381,双箭股份
603168,莎普爱思
603191,望变电气
600433,冠豪高新
001389,广合科技
300727,润禾材料
002375,亚厦股份
600997,开滦股份
920768,拾比佰
688258,卓易信息
920943,优机股份
002494,华斯股份
300807,天迈科技
300192,科德教育
689009,九号公司-WD
300292,吴通控股
603700,宁水集团
688141,杰华特
001366,播恩集团
600620,天宸股份
688365,光云科技
605305,中际联合
301325,曼恩斯特
002150,通润装备
600847,万里股份
301315,威士顿
600774,汉商集团
300341,麦克奥迪
600395,盘江股份
001278,一彬科技
002845,同兴达
601399,国机重装
002406,远东传动
603139,康惠股份
300256,星星科技
001378,德冠新材
300291,百纳千成
688506,百利天恒
300400,劲拓股份
600289,ST信通
300317,珈伟新能
300663,科蓝软件
300912,凯龙高科
300231,银信科技
002560,通达股份
002682,龙洲股份
688283,坤恒顺维
300439,美康生物
002693,*ST双成
002600,领益智造
301103,何氏眼科
688118,普元信息
002828,贝肯能源
600755,厦门国贸
002403,爱仕达
600802,福建水泥
002537,海联金汇
688371,菲沃泰
002927,泰永长征
300428,立中集团
002878,元隆雅图
300307,慈星股份
688211,中科微至
300709,精研科技
300759,康龙化成
600805,悦达投资
605168,三人行
300008,天海防务
002322,理工能科
002520,日发精机
603918,金桥信息
301429,森泰股份
688085,三友医疗
688455,科捷智能
603306,华懋科技
002949,华阳国际
000973,佛塑科技
000908,ST景峰
600736,苏州高新
603116,红蜻蜓
600569,安阳钢铁
001368,通达创智
600232,金鹰股份
603557,ST起步
002095,生 意 宝
300376,ST易事特
300575,中旗股份
002127,南极电商
002815,崇达技术
000807,云铝股份
600563,法拉电子
002800,天顺股份
301581,黄山谷捷
301107,瑜欣电子
300339,润和软件
301068,大地海洋
300960,通业科技
601599,浙文影业
002534,西子洁能
688638,誉辰智能
002488,金固股份
002860,星帅尔
603709,中源家居
920992,中科美菱
002470,金正大
301286,侨源股份
002960,青鸟消防
000501,武商集团
002996,顺博合金
688030,山石网科
603212,赛伍技术
000767,晋控电力
002159,三特索道
600331,宏达股份
301355,南王科技
920185,贝特瑞
688229,博睿数据
600850,电科数字
301525,儒竞科技
688387,信科移动-U
688033,天宜新材
688512,慧智微-U
601326,秦港股份
301208,中亦科技
920547,无锡晶海
601288,农业银行
603421,鼎信通讯
002482,广田集团
603667,五洲新春
002256,兆新股份
001319,铭科精技
600838,上海九百
605319,无锡振华
300303,聚飞光电
300378,鼎捷数智
300557,理工光科
300724,捷佳伟创
301056,森赫股份
002144,宏达高科
301199,迈赫股份
300558,贝达药业
605266,健之佳
000400,许继电气
688580,伟思医疗
002977,天箭科技
600467,好当家
600165,*ST宁科
603601,再升科技
300263,隆华科技
920694,中裕科技
002743,富煌钢构
603239,浙江仙通
688699,明微电子
300098,高新兴
001324,长青科技
600552,凯盛科技
000886,海南高速
300027,华谊兄弟
920779,武汉蓝电
688056,莱伯泰科
002133,广宇集团
603382,海阳科技
600770,综艺股份
601021,春秋航空
603661,恒林股份
600697,欧亚集团
300364,中文在线
603178,圣龙股份
300751,迈为股份
300281,金明精机
301606,绿联科技
600855,航天长峰
001279,强邦新材
001236,弘业期货
002644,佛慈制药
002686,亿利达
002328,新朋股份
600540,新赛股份
688316,青云科技-U
600196,复星医药
600962,国投中鲁
688273,麦澜德
300358,楚天科技
300387,富邦科技
920564,天润科技
002999,天禾股份
301178,天亿马
600721,百花医药
300286,安科瑞
603859,能科科技
300177,中海达
600493,凤竹纺织
002261,拓维信息
300103,达刚控股
001387,雪祺电气
603350,安乃达
300173,福能东方
300560,中富通
002264,新 华 都
002585,双星新材
301059,金三江
688549,中巨芯-U
688092,爱科科技
300305,裕兴股份
301393,昊帆生物
002137,实益达
300323,华灿光电
000032,深桑达Ａ
003037,三和管桩
601698,中国卫通
605003,众望布艺
301333,诺思格
603829,洛凯股份
301213,观想科技
688080,映翰通
300057,万顺新材
688536,思瑞浦
603880,南卫股份
002484,江海股份
002550,千红制药
300900,广联航空
300625,三雄极光
300687,赛意信息
300145,南方泵业
600561,江西长运
920885,星辰科技
601311,骆驼股份
300024,机器人
688486,龙迅股份
300105,龙源技术
002530,金财互联
600435,北方导航
603002,宏昌电子
002908,德生科技
603789,*ST星农
002128,电投能源
603203,快克智能
688720,艾森股份
300397,天和防务
002080,中材科技
002983,芯瑞达
301193,家联科技
603578,三星新材
300107,建新股份
300067,安诺其
688097,博众精工
300613,富瀚微
300984,金沃股份
002197,ST证通
600742,富维股份
301622,英思特
300730,科创信息
603172,万丰股份
688330,宏力达
300752,隆利科技
300402,宝色股份
002953,日丰股份
601519,大智慧
688716,中研股份
000608,*ST阳光
002362,汉王科技
600977,中国电影
601018,宁波港
301618,长联科技
301207,华兰疫苗
301356,天振股份
002452,长高电新
002402,和而泰
301295,美硕科技
301555,惠柏新材
600714,金瑞矿业
688592,司南导航
300895,铜牛信息
300979,华利集团
002178,延华智能
003022,联泓新科
002886,沃特股份
300741,华宝股份
600637,东方明珠
300125,*ST聆达
301535,浙江华远
300424,航新科技
000555,神州信息
920249,利尔达
000559,万向钱潮
300374,中铁装配
000635,英 力 特
301187,欧圣电气
002627,三峡旅游
920237,力佳科技
603080,新疆火炬
600081,东风科技
301092,争光股份
000985,大庆华科
002347,泰尔股份
603194,中力股份
603876,鼎胜新材
920476,海能技术
688004,博汇科技
300555,ST路通
300819,聚杰微纤
600386,北巴传媒
600267,海正药业
000682,东方电子
603105,芯能科技
688006,杭可科技
300251,光线传媒
301098,金埔园林
920856,浩淼科技
000881,中广核技
688393,安必平
688456,有研粉材
603618,杭电股份
002976,瑞玛精密
688291,金橙子
001208,华菱线缆
002268,电科网安
002290,禾盛新材
002687,乔治白
000026,飞亚达
000931,中 关 村
600820,隧道股份
002066,瑞泰科技
600320,振华重工
301029,怡合达
000422,湖北宜化
688018,乐鑫科技
600169,太原重工
603321,梅轮电梯
002573,清新环境
603091,众鑫股份
300010,豆神教育
002101,广东鸿图
300868,杰美特
000721,西安饮食
301111,粤万年青
688601,力芯微
301024,霍普股份
002007,华兰生物
002835,同为股份
600119,长江投资
600636,*ST国化
000798,中水渔业
000545,金浦钛业
300446,航天智造
300563,神宇股份
301578,辰奕智能
688603,天承科技
002808,*ST恒久
920834,三维装备
688621,阳光诺和
300458,全志科技
603375,盛景微
688103,国力电子
603565,中谷物流
300834,星辉环材
002802,洪汇新材
603915,国茂股份
300355,蒙草生态
605128,上海沿浦
603585,苏利股份
002606,大连电瓷
301491,汉桑科技
002772,众兴菌业
000987,越秀资本
000548,湖南投资
600727,鲁北化工
002424,贵州百灵
003021,兆威机电
002042,华孚时尚
300254,仟源医药
000582,北部湾港
603788,宁波高发
002917,金奥博
603283,赛腾股份
002273,水晶光电
300168,万达信息
688648,中邮科技
600587,新华医疗
920699,海达尔
301106,骏成科技
603045,福达合金
688692,达梦数据
603716,塞力医疗
688078,龙软科技
688584,上海合晶
300508,维宏股份
003003,天元股份
300796,贝斯美
300288,朗玛信息
002015,协鑫能科
600201,生物股份
301048,金鹰重工
000517,荣安地产
300846,首都在线
920422,润普食品
688322,奥比中光-UW
002565,顺灏股份
688280,精进电动-UW
002648,卫星化学
300169,天晟新材
603338,浙江鼎力
603030,全筑股份
000933,神火股份
688779,五矿新能
002788,鹭燕医药
300951,博硕科技
600871,石化油服
920204,沪江材料
000541,佛山照明
603005,晶方科技
600822,上海物贸
301195,北路智控
300004,南风股份
300886,华业香料
920271,邦德股份
603280,南方路机
600575,淮河能源
002106,莱宝高科
300602,飞荣达
603755,日辰股份
301339,通行宝
002225,濮耐股份
300763,锦浪科技
000615,*ST美谷
603657,春光科技
301303,真兰仪表
603898,好莱客
300188,国投智能
300115,长盈精密
300079,数码视讯
001234,泰慕士
600683,京投发展
002037,保利联合
300269,联建光电
001219,青岛食品
603881,数据港
301588,美新科技
688266,泽璟制药-U
301586,佳力奇
600835,上海机电
301047,义翘神州
603052,可川科技
000096,广聚能源
000659,珠海中富
301159,三维天地
003038,鑫铂股份
002582,好想你
002183,怡 亚 通
300091,金通灵
002556,辉隆股份
002615,哈尔斯
002170,芭田股份
600831,ST广网
601929,吉视传媒
003015,日久光电
301260,格力博
300466,赛摩智能
301559,中集环科
002892,科力尔
000610,西安旅游
603999,读者传媒
002049,紫光国微
300590,移为通信
000952,广济药业
603860,中公高科
001311,多利科技
603085,天成自控
603303,得邦照明
300836,佰奥智能
300494,盛天网络
605020,永和股份
603699,纽威股份
601177,杭齿前进
688775,影石创新
688320,禾川科技
002609,捷顺科技
920221,易实精密
688315,诺禾致源
300905,宝丽迪
301025,读客文化
603066,音飞储存
603119,浙江荣泰
300722,新余国科
603049,中策橡胶
600691,潞化科技
002449,国星光电
603379,XD三美股
002491,通鼎互联
300160,秀强股份
300151,昌红科技
920640,富士达
301389,隆扬电子
300415,伊之密
002194,武汉凡谷
301616,浙江华业
000059,华锦股份
002253,*ST智胜
002593,日上集团
002377,国创高新
002360,同德化工
300198,ST纳川
300689,澄天伟业
300987,川网传媒
003002,壶化股份
002189,中光学
301167,建研设计
920174,五新隧装
000651,格力电器
688133,泰坦科技
300438,鹏辉能源
002887,绿茵生态
600830,香溢融通
002614,奥佳华
600833,第一医药
300136,信维通信
300829,金丹科技
603833,欧派家居
301678,新恒汇
601229,上海银行
002344,海宁皮城
002709,天赐材料
301439,泓淋电力
300654,世纪天鸿
300217,东方电热
600708,光明地产
301226,祥明智能
300425,中建环能
000153,丰原药业
300276,三丰智能
002771,真视通
002457,青龙管业
300536,农尚环境
300285,国瓷材料
300830,金现代
603967,中创物流
300609,汇纳科技
300348,长亮科技
600423,柳化股份
688076,ST诺泰
600159,大龙地产
002357,富临运业
600506,统一股份
688435,英方软件
601002,晋亿实业
002706,良信股份
300459,汤姆猫
002430,杭氧股份
600337,美克家居
002896,中大力德
002510,天汽模
000596,古井贡酒
688220,翱捷科技-U
920039,国义招标
688333,铂力特
600006,东风股份
603499,翔港科技
920639,晨光电缆
605368,蓝天燃气
002992,宝明科技
002227,奥 特 迅
002386,天原股份
000547,航天发展
301149,隆华新材
603199,九华旅游
002153,石基信息
300732,设研院
301262,海看股份
920523,德瑞锂电
001215,千味央厨
920089,禾昌聚合
001260,坤泰股份
600218,全柴动力
300618,寒锐钴业
002285,世联行
301459,丰茂股份
601005,重庆钢铁
002214,*ST大立
603629,利通电子
002970,锐明技术
605336,帅丰电器
605286,同力日升
301287,康力源
002051,中工国际
000972,*ST中基
002269,美邦服饰
300856,科思股份
688655,迅捷兴
002919,名臣健康
002077,大港股份
000790,华神科技
300675,建科院
301603,乔锋智能
002281,光迅科技
300839,博汇股份
001367,海森药业
601598,XD中国外
600293,三峡新材
603528,多伦科技
300011,鼎汉技术
300299,富春股份
002217,合力泰
002775,文科股份
688203,海正生材
688669,聚石化学
000536,华映科技
003004,*ST声迅
000070,特发信息
002535,林州重机
002079,苏州固锝
600198,大唐电信
300678,中科信息
300887,谱尼测试
300077,国民技术
002849,威星智能
002283,天润工业
000056,皇庭国际
688132,邦彦技术
688646,ST逸飞
002156,通富微电
002561,徐家汇
002965,祥鑫科技
002933,新兴装备
002575,群兴玩具
688553,汇宇制药-W
000901,航天科技
002456,欧菲光
600643,爱建集团
603004,鼎龙科技
000818,航锦科技
000707,双环科技
603906,龙蟠科技
000539,粤电力Ａ
300550,和仁科技
301096,百诚医药
000576,甘化科工
002612,朗姿股份
688702,盛科通信-U
688630,芯碁微装
688063,派能科技
301166,优宁维
601000,唐山港
600237,铜峰电子
301061,匠心家居
301011,华立科技
003001,中岩大地
002951,金时科技
002910,庄园牧场
000913,钱江摩托
300499,高澜股份
300500,启迪设计
002622,皓宸医疗
300940,南极光
002187,广百股份
603123,翠微股份
002496,*ST辉丰
300048,合康新能
600004,白云机场
000936,华西股份
000037,深南电A
600858,银座股份
002668,TCL智家
688314,康拓医疗
000631,顺发恒能
600983,惠而浦
300318,博晖创新
600828,茂业商业
300393,中来股份
603267,鸿远电子
300184,力源信息
688084,晶品特装
300869,康泰医学
301270,汉仪股份
920223,荣亿精密
300097,ST智云
002354,天娱数科
600016,民生银行
600728,佳都科技
688722,同益中
300668,杰恩设计
002022,科华生物
002564,天沃科技
600571,信雅达
002577,雷柏科技
002555,三七互娱
300918,南山智尚
603082,北自科技
301289,国缆检测
688429,时创能源
001258,立新能源
301016,雷尔伟
300133,华策影视
688708,佳驰科技
605259,绿田机械
002685,华东重机
300296,利亚德
000715,中兴商业
002763,汇洁股份
002872,ST天圣
002221,东华能源
300143,盈康生命
301065,本立科技
300110,华仁药业
301281,科源制药
920139,华岭股份
300313,*ST天山
688026,洁特生物
002807,江阴银行
603220,中贝通信
603396,金辰股份
000408,藏格矿业
603211,晋拓股份
600679,上海凤凰
601233,桐昆股份
600784,鲁银投资
300124,汇川技术
300782,卓胜微
000561,烽火电子
605138,盛泰集团
300840,酷特智能
301049,超越科技
000546,金圆股份
920950,迅安科技
601368,绿城水务
688523,航天环宇
000755,山西高速
300915,海融科技
601908,京运通
002418,康盛股份
002806,华锋股份
300095,华伍股份
300947,德必集团
300733,西菱动力
688509,正元地信
603056,德邦股份
300061,旗天科技
688658,悦康药业
002986,宇新股份
605567,春雪食品
603015,弘讯科技
300174,元力股份
600151,航天机电
600307,酒钢宏兴
301133,金钟股份
002401,中远海科
603648,畅联股份
603395,红四方
600168,武汉控股
000623,吉林敖东
002671,龙泉股份
688252,天德钰
600661,昂立教育
000619,海螺新材
600797,浙大网新
688667,菱电电控
002429,兆驰股份
920006,晟楠科技
300844,山水比德
300788,中信出版
301046,能辉科技
920023,田野股份
688219,会通股份
601333,广深铁路
000912,泸天化
688093,世华科技
688069,德林海
688231,隆达股份
688515,裕太微-U
600630,龙头股份
600199,金种子酒
001211,双枪科技
002206,海 利 得
600496,精工钢构
600491,龙元建设
300881,盛德鑫泰
002323,雅博股份
688539,高华科技
300456,赛微电子
601818,光大银行
300054,鼎龙股份
002467,二六三
688450,光格科技
002166,莱茵生物
603909,建发合诚
002224,三 力 士
301503,智迪科技
002098,浔兴股份
688119,中钢洛耐
002442,龙星科技
301591,肯特股份
002302,西部建设
300725,药石科技
301507,民生健康
688479,友车科技
688690,纳微科技
920627,力王股份
002248,华东数控
300166,东方国信
920167,同享科技
688007,光峰科技
300445,康斯特
002139,拓邦股份
000042,中洲控股
688161,威高骨科
601872,招商轮船
301082,久盛电气
600138,中青旅
920179,凯德石英
000726,鲁  泰Ａ
301186,超达装备
920371,欧福蛋业
301613,新铝时代
300088,长信科技
603828,ST柯利达
603717,天域生物
000906,浙商中拓
301565,中仑新材
000718,苏宁环球
601880,辽港股份
300193,佳士科技
605258,协和电子
301223,中荣股份
920553,凯腾精工
600638,新黄浦
300121,阳谷华泰
688348,昱能科技
601566,九牧王
920367,新赣江
000788,北大医药
300278,华昌达
000514,渝 开 发
920208,青矩技术
002329,皇氏集团
300034,钢研高纳
000927,中国铁物
300404,博济医药
000404,长虹华意
600166,福田汽车
600339,中油工程
605299,舒华体育
301268,铭利达
002810,山东赫达
603307,扬州金泉
601789,宁波建工
000528,柳    工
000676,智度股份
600136,ST明诚
003009,中天火箭
688757,胜科纳米
000850,华茂股份
002659,凯文教育
002277,友阿股份
603517,ST绝味
002103,广博股份
603009,北特科技
603071,物产环能
000710,贝瑞基因
002979,雷赛智能
002209,达 意 隆
002374,中锐股份
603106,恒银科技
002676,顺威股份
920077,吉林碳谷
688789,宏华数科
600028,中国石化
300860,锋尚文化
300789,唐源电气
600869,远东股份
603266,天龙股份
603797,联泰环保
600498,烽火通信
600664,哈药股份
301169,零点有数
603158,腾龙股份
002608,江苏国信
603102,百合股份
002038,双鹭药业
600037,歌华有线
000717,中南股份
002526,山东矿机
600883,博闻科技
600076,康欣新材
600533,栖霞建设
600678,四川金顶
601595,上海电影
001286,陕西能源
300101,振芯科技
002515,金字火腿
603776,永安行
600696,*ST岩石
301628,强达电路
600881,亚泰集团
600801,华新水泥
605398,新炬网络
000553,安道麦A
002956,西麦食品
600610,中毅达
601518,吉林高速
601528,瑞丰银行
603633,徕木股份
300353,东土科技
688207,格灵深瞳
920753,天纺标
001207,联科科技
000589,贵州轮胎
601318,中国平安
300833,浩洋股份
603929,亚翔集成
300994,久祺股份
603230,内蒙新华
002681,奋达科技
000705,浙江震元
605158,华达新材
605588,冠石科技
002580,圣阳股份
301370,国科恒泰
600717,天津港
920402,硅烷科技
300708,聚灿光电
300738,奥飞数据
688710,益诺思
001335,信凯科技
600718,东软集团
002321,华英农业
300099,尤洛卡
301587,中瑞股份
600141,兴发集团
603380,易德龙
600793,宜宾纸业
920436,大地电气
301000,肇民科技
300326,ST凯利
002097,山河智能
600768,宁波富邦
920111,聚星科技
920363,莱赛激光
002427,尤夫股份
601116,三江购物
300747,锐科激光
002901,大博医疗
603970,中农立华
000027,深圳能源
301526,国际复材
002523,天桥起重
688511,*ST天微
600716,凤凰股份
603327,福蓉科技
002232,启明信息
605136,丽人丽妆
000938,紫光股份
300477,ST合纵
003008,开普检测
601717,中创智领
001298,好上好
688683,莱尔科技
002296,辉煌科技
301600,慧翰股份
300516,久之洋
000882,华联股份
002528,ST英飞拓
002366,融发核电
600359,新农开发
603011,合锻智能
600537,亿晶光电
300522,世名科技
002723,小崧股份
000789,万年青
600310,广西能源
002068,黑猫股份
002112,三变科技
300409,道氏技术
600238,*ST椰岛
003816,中国广核
300534,陇神戎发
603378,亚士创能
300545,联得装备
600780,通宝能源
002853,皮阿诺
000919,金陵药业
301102,兆讯传媒
605198,安德利
688653,康希通信
300938,信测标准
603519,立霸股份
600235,民丰特纸
000529,广弘控股
688339,亿华通-U
688798,艾为电子
002073,软控股份
600189,泉阳泉
002547,春兴精工
000420,吉林化纤
688513,苑东生物
002358,森源电气
603893,瑞芯微
600088,中视传媒
002391,长青股份
001382,新亚电缆
300854,中兰环保
300244,迪安诊断
920046,亿能电力
002265,建设工业
000402,金 融 街
600184,光电股份
688130,晶华微
688143,长盈通
605177,东亚药业
688031,星环科技-U
000050,深天马Ａ
301060,兰卫医学
605500,森林包装
920212,智新电子
603607,京华激光
603655,朗博科技
300384,三联虹普
300910,瑞丰新材
002613,北玻股份
603037,凯众股份
301363,美好医疗
600653,申华控股
603310,巍华新材
000601,韶能股份
002596,海南瑞泽
688526,科前生物
688020,方邦股份
300132,青松股份
603867,新化股份
600487,亨通光电
920690,捷众科技
603773,沃格光电
603100,川仪股份
002755,奥赛康
920116,星图测控
600135,乐凯胶片
920576,天力复合
002078,太阳纸业
688167,炬光科技
688136,科兴制药
002982,湘佳股份
002301,齐心集团
002270,华明装备
300926,博俊科技
603966,法兰泰克
600865,百大集团
600743,华远控股
300755,华致酒行
603739,蔚蓝生物
300043,星辉娱乐
301179,泽宇智能
002643,万润股份
301558,三态股份
600895,张江高科
600970,中材国际
600499,科达制造
000630,铜陵有色
603650,彤程新材
002126,银轮股份
600246,万通发展
000155,川能动力
001277,速达股份
600824,益民集团
002787,华源控股
001395,亚联机械
002234,民和股份
600992,贵绳股份
688297,中无人机
000523,红棉股份
300347,泰格医药
920656,海昇药业
603809,豪能股份
300197,节能铁汉
605298,必得科技
000703,恒逸石化
002663,普邦股份
002421,达实智能
920592,华信永道
688137,近岸蛋白
300579,数字认证
688750,金天钛业
300213,佳讯飞鸿
301656,联合动力
603113,金能科技
301601,惠通科技
600859,王府井
300454,深信服
000544,中原环保
688639,华恒生物
000034,神州数码
000409,云鼎科技
600230,沧州大化
002649,博彦科技
688029,南微医学
300821,东岳硅材
603885,吉祥航空
300183,东软载波
600396,华电辽能
002010,传化智联
002816,*ST和科
688265,南模生物
002160,常铝股份
002950,奥美医疗
000826,启迪环境
688670,金迪克
002315,焦点科技
300017,网宿科技
300092,科新机电
002876,三利谱
603855,华荣股份
920299,灿能电力
920098,科隆新材
600739,辽宁成大
000966,长源电力
300873,海晨股份
603677,奇精机械
002191,劲嘉股份
603602,纵横通信
688628,优利德
601677,明泰铝业
603619,中曼石油
300271,华宇软件
603787,新日股份
603998,方盛制药
000957,中通客车
002937,兴瑞科技
300758,七彩化学
603978,深圳新星
002897,意华股份
600352,浙江龙盛
002635,安洁科技
603271,永杰新材
300883,龙利得
300328,宜安科技
002832,比音勒芬
600351,亚宝药业
300455,航天智装
002972,科安达
003040,楚天龙
300785,值得买
000812,陕西金叶
600517,国网英大
603815,交建股份
002566,益盛药业
301173,毓恬冠佳
002192,融捷股份
600171,上海贝岭
002092,中泰化学
002660,茂硕电源
301551,无线传媒
301275,汉朔科技
688516,奥特维
000897,津滨发展
002667,威领股份
000157,中联重科
300020,ST银江
603985,恒润股份
601601,中国太保
603383,顶点软件
920578,巨能股份
301101,明月镜片
300311,ST任子行
300667,必创科技
920522,纳科诺尔
920832,齐鲁华信
300566,激智科技
688602,康鹏科技
603210,泰鸿万立
600272,开开实业
600033,福建高速
301633,港迪技术
300418,昆仑万维
300553,集智股份
002340,格林美
002439,启明星辰
603078,江化微
603135,中重科技
002489,浙江永强
600880,博瑞传播
600261,阳光照明
002578,闽发铝业
688521,芯原股份
603277,XD银都股
300257,开山股份
002219,新里程
301396,宏景科技
301012,扬电科技
600796,钱江生化
600746,江苏索普
002672,东江环保
603337,杰克科技
688600,皖仪科技
300880,迦南智能
300902,国安达
688260,昀冢科技
000672,上峰水泥
600650,锦江在线
688563,航材股份
301308,江波龙
002431,棕榈股份
603357,设计总院
920663,明阳科技
002640,跨境通
300437,清水源
300465,高伟达
300442,润泽科技
688209,英集芯
688298,东方生物
600523,贵航股份
600927,永安期货
002093,国脉科技
920030,德众汽车
000737,北方铜业
301053,远信工业
688061,灿瑞科技
688301,奕瑞科技
300396,迪瑞医疗
002603,以岭药业
301177,迪阿股份
002033,丽江股份
688281,华秦科技
605388,均瑶健康
000062,深圳华强
300058,蓝色光标
920395,朗鸿科技
920726,朱老六
002726,龙大美食
002632,道明光学
600106,重庆路桥
920060,万源通
601155,新城控股
002838,道恩股份
300776,帝尔激光
301552,科力装备
603128,华贸物流
002444,巨星科技
000716,黑芝麻
603201,常润股份
603638,艾迪精密
600097,开创国际
600308,华泰股份
002065,东华软件
300209,有棵树
601808,中海油服
300589,江龙船艇
003035,南网能源
603041,美思德
300932,三友联众
301028,东亚机械
600713,南京医药
688035,德邦科技
920425,乐创技术
600818,中路股份
600975,新五丰
600621,华鑫股份
300748,金力永磁
688019,安集科技
600512,腾达建设
300237,ST美晨
920266,生物谷
600025,华能水电
002035,华帝股份
300315,掌趣科技
002734,利民股份
603637,镇海股份
603429,集友股份
300416,苏试试验
002637,赞宇科技
300953,震裕科技
601088,中国神华
301088,戎美股份
000557,西部创业
300892,品渥食品
300266,兴源环境
605001,威奥股份
002827,高争民爆
688003,天准科技
300411,金盾股份
000801,四川九洲
920021,流金科技
000727,冠捷科技
002570,贝因美
600239,云南城投
688337,普源精电
301257,普蕊斯
600183,生益科技
300576,容大感光
301272,英华特
688530,欧莱新材
300682,朗新集团
002001,新 和 成
601866,中远海发
000779,甘咨询
300946,恒而达
601360,三六零
603836,海程邦达
002678,珠江钢琴
002500,山西证券
300702,天宇股份
301004,嘉益股份
002757,南兴股份
603610,麒盛科技
600668,尖峰集团
300031,宝通科技
688559,海目星
000778,新兴铸管
688410,山外山
920267,鑫汇科
603987,康德莱
600588,用友网络
601928,凤凰传媒
688168,安博通
002295,精艺股份
002532,天山铝业
002226,江南化工
600956,新天绿能
300691,联合光电
603722,阿科力
688403,汇成股份
000036,华联控股
301398,星源卓镁
603385,惠达卫浴
688106,金宏气体
300226,上海钢联
002242,九阳股份
920418,苏轴股份
300201,海伦哲
300203,聚光科技
000880,潍柴重机
000731,四川美丰
002739,万达电影
300383,光环新网
688177,百奥泰
000505,京粮控股
688150,莱特光电
000813,德展健康
002903,宇环数控
000099,中信海直
300399,天利科技
601901,方正证券
000909,ST数源
603126,中材节能
002869,金溢科技
000695,滨海能源
688625,呈和科技
300906,日月明
000030,富奥股份
000554,泰山石油
000507,珠海港
001322,箭牌家居
688129,东来技术
300815,玉禾田
603096,新经典
000822,山东海化
600500,中化国际
000959,首钢股份
002483,润邦股份
300044,ST赛为
600252,中恒集团
688185,康希诺
603215,比依股份
300639,凯普生物
300233,金城医药
300636,同和药业
002939,长城证券
002898,*ST赛隆
002911,佛燃能源
000791,甘肃能源
002865,钧达股份
300041,回天新材
600353,旭光电子
600622,光大嘉宝
002393,力生制药
000055,方大集团
002752,昇兴股份
688075,安旭生物
688623,双元科技
000008,神州高铁
000799,酒鬼酒
300354,东华测试
002351,漫步者
688329,艾隆科技
300261,雅本化学
000597,东北制药
600054,黄山旅游
300965,恒宇信通
301052,果麦文化
001288,运机集团
002539,云图控股
300212,易华录
603345,安井食品
300377,赢时胜
600170,上海建工
688343,云天励飞-U
603527,众源新材
603777,来伊份
300711,广哈通信
002589,瑞康医药
000089,深圳机场
688053,ST思科瑞
688502,茂莱光学
920510,丰光精密
600815,厦工股份
300235,方直科技
300009,安科生物
920082,方正阀门
600789,鲁抗医药
301030,仕净科技
003017,大洋生物
600787,中储股份
001205,盛航股份
002200,*ST交投
300194,福安药业
920118,太湖远大
688267,中触媒
688383,新益昌
600693,东百集团
601099,太平洋
300185,通裕重工
000430,ST张家界
920088,科力股份
301156,美农生物
300247,融捷健康
000750,国海证券
002987,京北方
605122,四方新材
002175,东方智造
301508,中机认检
300781,因赛集团
600675,中华企业
600397,江钨装备
300258,精锻科技
000821,京山轻机
600278,东方创业
688191,智洋创新
000878,云南铜业
600382,广东明珠
300451,创业慧康
601966,玲珑轮胎
300562,乐心医疗
600150,中国船舶
002761,浙江建投
600510,黑牡丹
920429,康比特
603856,东宏股份
002980,华盛昌
600807,济高发展
000156,华数传媒
600539,狮头股份
002082,万邦德
000301,东方盛虹
600281,华阳新材
300433,蓝思科技
000733,振华科技
600751,海航科技
601019,山东出版
000639,西王食品
603810,丰山集团
300453,三鑫医疗
920533,骏创科技
300039,上海凯宝
300703,创源股份
688468,科美诊断
301371,敷尔佳
301206,三元生物
600502,安徽建工
002239,奥特佳
002817,黄山胶囊
300582,英飞特
600761,安徽合力
603196,日播时尚
603107,上海汽配
603801,志邦家居
600176,中国巨石
920370,新安洁
002057,中钢天源
688695,中创股份
301018,申菱环境
600578,京能电力
603202,天有为
301376,致欧科技
300413,芒果超媒
301392,汇成真空
000690,宝新能源
002030,达安基因
002572,索菲亚
688729,屹唐股份
300059,东方财富
601512,中新集团
600613,神奇制药
920066,科拜尔
300542,新晨科技
300967,晓鸣股份
002236,大华股份
688390,固德威
001308,康冠科技
301215,中汽股份
603167,渤海轮渡
688443,智翔金泰-U
688581,安杰思
600378,昊华科技
603956,威派格
002330,得利斯
920642,通易航天
605488,福莱新材
603060,国检集团
600939,重庆建工
688576,西山科技
002958,青农商行
600060,海信视像
002412,汉森制药
000819,岳阳兴长
688766,普冉股份
603408,建霖家居
688613,奥精医疗
001226,拓山重工
603882,金域医学
600998,九州通
605007,五洲特纸
603808,歌力思
605300,佳禾食品
688558,国盛智科
300429,强力新材
688369,致远互联
600271,航天信息
920634,新威凌
603205,健尔康
600702,舍得酒业
002783,凯龙股份
600885,宏发股份
688176,亚虹医药-U
601108,财通证券
600710,苏美达
605268,王力安防
300737,科顺股份
300078,思创医惠
002465,海格通信
600803,新奥股份
301117,佳缘科技
300696,爱乐达
002352,顺丰控股
300686,智动力
300919,中伟股份
002292,奥飞娱乐
300187,永清环保
003020,立方制药
000016,深康佳Ａ
688376,美埃科技
601228,广州港
688201,信安世纪
600757,长江传媒
601319,中国人保
300847,中船汉光
002024,ST易购
002387,维信诺
301297,富乐德
002453,华软科技
600015,华夏银行
920720,吉冈精密
002228,合兴包装
600300,维维股份
603676,卫信康
920374,云里物里
600665,天地源
600663,陆家嘴
000711,ST京蓝
000722,湖南发展
688631,莱斯信息
002053,云南能投
300898,熊猫乳品
300592,华凯易佰
601992,金隅集团
688389,普门科技
600399,抚顺特钢
600854,春兰股份
603489,八方股份
688302,海创药业-U
920242,建邦科技
600765,中航重机
688425,铁建重工
920504,博迅生物
603377,ST东时
601633,长城汽车
301116,益客食品
600266,城建发展
000702,正虹科技
920132,泰鹏智能
301373,凌玮科技
600576,祥源文旅
002899,英派斯
300172,中电环保
600567,山鹰国际
920790,联迪信息
001356,富岭股份
920260,中寰股份
000009,中国宝安
603285,键邦股份
002778,中晟高科
002786,银宝山新
600906,财达证券
300094,国联水产
601038,一拖股份
301091,深城交
601991,大唐发电
920748,路桥信息
603992,松霖科技
600050,中国联通
000990,诚志股份
603187,海容冷链
600104,上汽集团
600590,泰豪科技
002349,精华制药
688693,锴威特
002969,嘉美包装
000700,模塑科技
301585,蓝宇股份
600191,华资实业
603033,三维股份
002961,瑞达期货
600206,有研新材
600007,中国国贸
605006,山东玻纤
601952,苏垦农发
300026,红日药业
688351,微电生理
300775,三角防务
300406,九强生物
603272,联翔股份
301580,爱迪特
301510,固高科技
688230,芯导科技
000782,恒申新材
688166,博瑞医药
001388,信通电子
600182,S佳通
688981,中芯国际
688391,钜泉科技
688088,虹软科技
600993,马应龙
002830,名雕股份
002661,克明食品
000977,浪潮信息
600657,信达地产
301332,德尔玛
600285,羚锐制药
600707,彩虹股份
002031,巨轮智能
600406,国电南瑞
688583,思看科技
920061,西磁科技
001338,永顺泰
301239,普瑞眼科
002646,天佑德酒
688259,创耀科技
300293,蓝英装备
300482,万孚生物
002390,信邦制药
000998,隆平高科
600061,国投资本
600071,凤凰光学
601238,广汽集团
003028,振邦智能
002492,恒基达鑫
000028,国药一致
600585,海螺水泥
601006,大秦铁路
601568,北元集团
603180,金牌家居
920415,恒拓开源
605589,圣泉集团
600968,海油发展
002623,亚玛顿
300719,安达维尔
000419,通程控股
300441,鲍斯股份
600109,国金证券
300527,ST应急
603137,恒尚节能
601222,林洋能源
601997,贵阳银行
920110,雷特科技
688179,阿拉丁
600582,天地科技
002936,郑州银行
600518,康美药业
603387,基蛋生物
301161,唯万密封
600035,楚天高速
000488,ST晨鸣
300601,康泰生物
603370,华新精科
600794,保税科技
600185,珠免集团
600550,保变电气
688188,柏楚电子
000929,*ST兰黄
600853,龙建股份
300398,飞凯材料
600373,中文传媒
600361,创新新材
002881,美格智能
600955,维远股份
002123,梦网科技
600063,皖维高新
688598,金博股份
001213,中铁特货
300152,ST新动力
002274,华昌化工
603439,贵州三力
603916,苏博特
600030,中信证券
920819,颖泰生物
300871,回盛生物
300559,佳发教育
002404,嘉欣丝绸
002884,凌霄泵业
300740,水羊股份
002085,万丰奥威
002989,中天精装
300462,ST华铭
920703,广厦环能
000900,现代投资
605118,力鼎光电
920879,基康技术
603225,新凤鸣
603308,应流股份
600509,天富能源
600368,五洲交通
002641,公元股份
603081,大丰实业
600226,亨通股份
300970,华绿生物
603993,洛阳钼业
002110,三钢闽光
600415,小商品城
603711,香飘飘
600863,内蒙华电
920665,科强股份
300638,广和通
001391,国货航
688173,希荻微
300930,屹通新材
301595,太力科技
002469,三维化学
603355,莱克电气
688439,振华风光
600082,海泰发展
002688,金河生物
600126,杭钢股份
000848,承德露露
600363,联创光电
002367,康力电梯
301296,新巨丰
301290,东星医疗
600618,氯碱化工
601336,新华保险
601375,中原证券
600208,衢州发展
000088,盐 田 港
300712,永福股份
600887,伊利股份
300210,森远股份
600581,八一钢铁
601366,利群股份
300595,欧普康视
002674,兴业科技
002519,银河电子
600073,光明肉业
002399,海普瑞
300379,*ST东通
300852,四会富仕
688518,联赢激光
601888,中国中免
688358,祥生医疗
301265,华新环保
600425,青松建化
600428,中远海特
600332,白云山
600369,西南证券
002984,森麒麟
300206,理邦仪器
002493,荣盛石化
300170,汉得信息
600570,恒生电子
600979,广安爱众
600685,中船防务
600113,浙江东日
001227,兰州银行
002548,金新农
002111,威海广泰
920016,中草香料
603888,新华网
300894,火星人
605108,同庆楼
300672,国科微
000759,中百集团
600429,三元股份
002837,英维克
301602,超研股份
300304,云意电气
002907,华森制药
002567,唐人神
000503,国新健康
603580,*ST艾艾
300320,海达股份
603075,热威股份
300653,正海生物
600857,宁波中百
603237,五芳斋
600195,中牧股份
003043,华亚智能
688432,有研硅
603606,东方电缆
600586,金晶科技
601868,中国能建
300222,科大智能
601127,赛力斯
600322,津投城开
603018,华设集团
920489,佳先股份
688234,天岳先进
000911,广农糖业
000078,海王生物
000595,*ST宝实
600715,文投控股
688111,金山办公
601816,京沪高铁
600269,赣粤高速
688021,奥福科技
688787,海天瑞声
002044,美年健康
300360,炬华科技
002116,中国海诚
002167,东方锆业
603533,掌阅科技
688776,国光电气
000950,重药控股
920981,晶赛科技
600671,天目药业
600066,宇通客车
603256,宏和科技
600888,新疆众和
002373,千方科技
603339,四方科技
300603,立昂技术
601010,文峰股份
300901,中胤时尚
600479,千金药业
920190,雷神科技
688739,成大生物
600558,大西洋
601988,中国银行
600583,海油工程
300628,亿联网络
600642,申能股份
600056,中国医药
000869,张  裕Ａ
300147,ST香雪
920092,汉鑫科技
002163,海南发展
601200,上海环境
000599,青岛双星
002833,弘亚数控
920833,美心翼申
600279,重庆港
002222,福晶科技
002583,海能达
600688,上海石化
601065,江盐集团
002549,凯美特气
002458,益生股份
603255,鼎际得
300855,图南股份
601828,美凯龙
301629,矽电股份
603348,文灿股份
605183,确成股份
688081,兴图新科
002124,天邦食品
920679,前进科技
600648,外高桥
688633,星球石墨
300795,米奥会展
002145,钛能化学
920974,凯大催化
601166,兴业银行
301382,蜂助手
000686,东北证券
000862,银星能源
002584,西陇科学
603712,七一二
300463,迈克生物
000560,我爱我家
920001,纬达光电
601388,怡球资源
301630,同宇新材
600009,上海机场
600186,莲花控股
002090,金智科技
688379,华光新材
688012,中微公司
000785,居然智家
300470,中密控股
001289,龙源电力
600611,大众交通
920491,奥迪威
601860,紫金银行
603305,旭升集团
300917,特发服务
603058,永吉股份
002157,正邦科技
300146,汤臣倍健
601939,建设银行
002588,史丹利
000612,焦作万方
601727,上海电气
600108,亚盛集团
000683,博源化工
603995,甬金股份
300634,彩讯股份
600095,湘财股份
301042,安联锐视
600120,浙江东方
688799,华纳药厂
300002,神州泰岳
002152,广电运通
301283,聚胶股份
603679,华体科技
000859,国风新材
688605,先锋精科
001201,东瑞股份
002735,王子新材
000002,万  科Ａ
688366,昊海生科
600318,新力金融
920526,凯华材料
688469,芯联集成-U
600017,日照港
688619,罗普特
301036,双乐股份
600909,华安证券
688235,百济神州-U
301556,托普云农
301155,海力风电
600930,华电新能
000066,中国长城
600117,西宁特钢
300036,超图软件
688459,哈铁科技
301522,上大股份
600280,中央商场
603171,税友股份
600851,海欣股份
301233,盛帮股份
600377,宁沪高速
603630,拉芳家化
003042,中农联合
688016,心脉医疗
688562,航天软件
002544,普天科技
603922,金鸿顺
688247,宣泰医药
002647,*ST仁东
300267,尔康制药
300716,ST泉为
603896,寿仙谷
300066,三川智慧
000800,一汽解放
600734,实达集团
920571,国航远洋
600366,宁波韵升
603663,三祥新材
603538,美诺华
000761,本钢板材
001313,粤海饲料
601607,上海医药
920946,森萱医药
301536,星宸科技
603758,秦安股份
000863,三湘印象
688218,江苏北人
920427,华维设计
600690,海尔智家
603300,海南华铁
600455,博通股份
002027,分众传媒
600255,鑫科材料
002060,广东建工
300920,润阳科技
601168,西部矿业
600628,新世界
603087,甘李药业
300047,天源迪科
000860,顺鑫农业
002304,洋河股份
002797,第一创业
301358,湖南裕能
002102,能特科技
300420,五洋自控
600328,中盐化工
688275,万润新能
300848,美瑞新材
920821,则成电子
600720,中交设计
603059,倍加洁
301571,国科天成
603680,今创集团
300014,亿纬锂能
688433,华曙高科
301075,多瑞医药
600072,中船科技
002154,报 喜 鸟
000825,太钢不锈
301266,宇邦新材
000739,普洛药业
600326,西藏天路
300144,宋城演艺
000910,大亚圣象
300622,博士眼镜
605337,李子园
300380,安硕信息
300344,ST立方
300762,上海瀚讯
000783,长江证券
000652,泰达股份
002091,江苏国泰
300260,新莱应材
002673,西部证券
600594,益佰制药
688597,煜邦电力
000100,TCL科技
300224,正海磁材
002715,登云股份
688582,芯动联科
601500,通用股份
300631,久吾高科
600020,中原高速
688362,甬矽电子
002900,哈三联
601688,华泰证券
301234,五洲医疗
600785,新华百货
603400,华之杰
600584,长电科技
600633,浙数文化
300022,吉峰科技
002149,西部材料
600877,电科芯片
605287,德才股份
300510,金冠股份
600058,五矿发展
000012,南  玻Ａ
601985,中国核电
603183,建研院
920970,大禹生物
301611,珂玛科技
000591,太阳能
300957,贝泰妮
688629,华丰科技
605358,立昂微
000883,湖北能源
000712,锦龙股份
600963,岳阳林纸
300087,荃银高科
601211,国泰海通
688041,海光信息
920230,欧康医药
300803,指南针
603000,人民网
002041,登海种业
688278,特宝生物
600416,湘电股份
000338,潍柴动力
002262,恩华药业
002307,北新路桥
600519,贵州茅台
603363,傲农生物
002372,伟星新材
603416,信捷电气
000993,闽东电力
600738,丽尚国潮
600133,东湖高新
688503,聚和材料
301421,波长光电
002432,九安医疗
600698,湖南天雁
002906,华阳集团
000777,中核科技
002634,棒杰股份
002889,东方嘉盛
603109,神驰机电
600966,博汇纸业
601216,君正集团
603707,健友股份
301592,六九一二
000581,威孚高科
603019,中科曙光
300627,华测导航
002538,司尔特
600779,水井坊
603089,正裕工业
688200,华峰测控
688232,新点软件
920556,雅达股份
600409,三友化工
688198,佰仁医疗
000001,平安银行
920931,无锡鼎邦
603120,肯特催化
002891,中宠股份
601199,江南水务
920802,保丽洁
688522,纳睿雷达
601878,浙商证券
601668,中国建筑
600257,大湖股份
603955,大千生态
002697,红旗连锁
300142,沃森生物
002371,北方华创
300149,睿智医药
688726,拉普拉斯
002818,富森美
688657,浩辰软件
002394,联发股份
600390,五矿资本
688015,交控科技
000680,山推股份
002140,东华科技
600694,大商股份
605005,合兴股份
601169,北京银行
000932,华菱钢铁
603989,艾华集团
600821,金开新能
603153,上海建科
603368,柳药集团
300272,开能健康
000958,电投产融
002746,仙坛股份
920130,立方控股
000650,仁和药业
601858,中国科传
301015,百洋医药
603057,紫燕食品
601801,皖新传媒
600600,青岛啤酒
605089,味知香
603026,石大胜华
688181,八亿时空
300085,银之杰
920469,富恒新材
301668,昊创瑞通
605009,豪悦护理
002208,合肥城建
688107,安路科技
688533,上声电子
601999,出版传媒
920002,万达轴承
002252,上海莱士
600918,中泰证券
002271,东方雨虹
000967,盈峰环境
600127,金健米业
002636,金安国纪
002727,一心堂
920471,美邦科技
301153,中科江南
603163,圣晖集成
002675,东诚药业
600019,宝钢股份
688296,和达科技
600619,海立股份
300908,仲景食品
688152,麒麟信安
601995,中金公司
600032,浙江新能
920932,科达自控
002468,申通快递
600011,华能国际
002443,金洲管道
603609,禾丰股份
300669,沪宁股份
603330,天洋新材
688721,龙图光罩
300005,探路者
920976,视声智能
300989,蕾奥规划
688002,睿创微纳
920493,并行科技
002368,太极股份
002165,红 宝 丽
688046,药康生物
300294,博雅生物
600559,老白干酒
002181,粤 传 媒
300962,中金辐照
688122,西部超导
301062,上海艾录
002785,万里石
600461,洪城环境
000997,新 大 陆
000999,华润三九
920527,夜光明
601577,长沙银行
688505,复旦张江
688696,极米科技
002758,浙农股份
603825,ST华扬
603231,索宝蛋白
920419,路斯股份
600101,明星电力
920985,海泰新能
603899,晨光股份
300826,测绘股份
688318,财富趋势
000333,美的集团
600839,四川长虹
002036,联创电子
603518,锦泓集团
300298,三诺生物
601022,宁波远洋
688570,天玛智控
002594,比亚迪
002670,国盛金控
688569,铁科轨道
001400,江顺科技
688535,华海诚科
600860,京城股份
605166,聚合顺
688317,之江生物
688151,华强科技
000429,粤高速Ａ
600420,国药现代
601456,国联民生
002014,永新股份
300710,万隆光电
301058,中粮科工
301636,泽润新能
300820,英杰电气
002096,易普力
688123,聚辰股份
300346,南大光电
688077,大地熊
603221,爱丽家居
300950,德固特
300832,新产业
920171,志晟信息
300568,星源材质
920047,诺思兰德
600292,远达环保
000828,东莞控股
603297,永新光学
688352,颀中科技
300485,赛升药业
920247,华密新材
603209,兴通股份
920261,一诺威
603160,汇顶科技
603262,技源集团
300161,华中数控
920108,宏海科技
600674,川投能源
000708,中信特钢
002396,星网锐捷
300818,耐普矿机
601877,正泰电器
003039,顺控发展
300996,普联软件
000048,京基智农
002963,豪尔赛
001216,华瓷股份
603887,城地香江
920871,派特尔
300049,福瑞股份
301518,长华化学
600999,招商证券
002768,国恩股份
920599,同力股份
301362,民爆光电
920701,豪声电子
603919,金徽酒
920770,艾能聚
920751,惠同新材
688225,亚信安全
300963,中洲特材
600276,恒瑞医药
301168,通灵股份
688112,鼎阳科技
600862,中航高科
688175,高凌信息
002880,卫光生物
300674,宇信科技
603908,牧高笛
688193,仁度生物
601137,博威合金
301335,天元宠物
688100,威胜信息
002558,巨人网络
688543,国科军工
920799,艾融软件
600763,通策医疗
002230,科大讯飞
688777,中控技术
600222,太龙药业
603798,康普顿
603291,联合水务
601162,天风证券
000069,华侨城Ａ
920304,迪尔化工
000061,农 产 品
002790,瑞尔特
000498,山东路桥
601107,四川成渝
601113,华鼎股份
601158,重庆水务
600100,同方股份
605086,龙高股份
601882,海天精工
605199,ST葫芦娃
603276,恒兴新材
600217,中再资环
603012,创力集团
600125,铁龙物流
000890,法尔胜
300164,通源石油
002094,青岛金王
601778,晶科科技
300056,中创环保
600248,陕建股份
603017,中衡设计
000965,天保基建
600116,三峡水利
002557,洽洽食品
601958,金钼股份
600059,古越龙山
600008,首创环保
600841,动力新科
601990,南京证券
601811,新华文轩
605081,*ST太和
601949,中国出版
600079,人福医药
300614,百川畅银
603926,铁流股份
600052,东望时代
002508,老板电器
300608,思特奇
301066,万事利
002721,金一文化
600535,天士力
603258,电魂网络
600477,杭萧钢构
601236,红塔证券
920068,天工股份
300338,ST开元
600568,ST中珠
603213,镇洋发展
301090,华润材料
600452,涪陵电力
601068,中铝国际
920062,科润智控
300899,*ST凯鑫
920866,绿亨科技
000521,长虹美菱
000516,国际医学
600589,大位科技
600371,万向德农
601339,百隆东方
601330,绿色动力
601678,滨化股份
000709,河钢股份
603721,*ST天择
002434,万里扬
688687,凯因科技
002063,远光软件
301560,众捷汽车
002595,豪迈科技
920033,康普化学
600511,国药股份
002408,齐翔腾达
002135,东南网架
600929,雪天盐业
600283,钱江水利
002638,勤上股份
002400,省广集团
688009,中国通号
688010,福光股份
603093,南华期货
002419,天虹股份
000725,京东方Ａ
002081,金 螳 螂
600200,*ST苏吴
600383,金地集团
600606,绿地控股
600609,金杯汽车
600340,华夏幸福
603559,ST通脉
603579,荣泰健康
600327,大东方
300086,康芝药业
002385,大北农
920263,中航泰达
301236,软通动力
600908,无锡银行
600894,广日股份
688538,和辉光电-U
603696,安记食品
002607,中公教育
002926,华西证券
605303,园林股份
002254,泰和新材
300351,永贵电器
600335,国机汽车
688381,帝奥微
000531,穗恒运Ａ
601377,兴业证券
600380,健康元
001301,尚太科技
000963,华东医药
002929,润建股份
603198,迎驾贡酒
688408,中信博
002990,盛视科技
301488,豪恩汽电
688032,禾迈股份
300331,苏大维格
601066,中信建投
300676,华大基因
301128,强瑞技术
600031,三一重工
603456,九洲药业
688197,首药控股-U
301557,常友科技
688606,奥泰生物
600926,杭州银行
920718,合肥高科
000063,中兴通讯
603043,广州酒家
600131,国网信通
600132,重庆啤酒
603501,豪威集团
603235,天新药业
000970,中科三环
002749,国光股份
600549,厦门钨业
600886,国投电力
300525,博思软件
688575,亚辉龙
002438,江苏神通
603182,嘉华股份
603566,普莱柯
300440,运达科技
001380,华纬科技
603693,江苏新能
920027,交大铁发
002088,鲁阳节能
000920,沃顿科技
301078,孩子王
300509,新美星
920496,许昌智能
920608,丰安股份
600773,西藏城投
300492,华图山鼎
600760,中航沈飞
601799,星宇股份
002244,滨江集团
601963,重庆银行
603878,武进不锈
688289,圣湘生物
688612,威迈斯
300122,智飞生物
002312,川发龙蟒
603358,华达科技
002332,仙琚制药
600529,山东药玻
002039,黔源电力
603227,雪峰科技
688599,天合光能
603238,诺邦股份
600062,华润双鹤
603366,日出东方
002521,齐峰新材
600096,云天化
601800,中国交建
301237,和顺科技
600528,中铁工业
001238,浙江正特
600692,亚通股份
688251,井松智能
600418,江淮汽车
000039,中集集团
000661,长春高新
688050,爱博医疗
603260,合盛硅业
300284,苏交科
603515,欧普照明
600212,绿能慧充
603759,海天股份
300783,三只松鼠
600731,湖南海利
688571,杭华股份
600319,亚星化学
002683,广东宏大
002114,罗平锌电
600764,中国海防
600177,雅戈尔
300925,法本信息
603169,兰石重装
603150,万朗磁塑
300600,国瑞科技
000753,漳州发展
601398,工商银行
000543,皖能电力
300180,华峰超纤
601187,厦门银行
002327,富安娜
603718,海利生物
601328,交通银行
600323,瀚蓝环境
600098,广州发展
600941,中国移动
300767,震安科技
300093,*ST金刚
600155,华创云信
605577,龙版传媒
605050,福然德
300655,晶瑞电材
603200,上海洗霸
605028,世茂能源
002142,宁波银行
002455,百川股份
920149,旭杰科技
001203,大中矿业
600329,达仁堂
688120,华海清科
601665,齐鲁银行
600161,天坛生物
002379,宏创控股
603587,地素时尚
603373,安邦护卫
605080,浙江自然
002020,京新药业
688082,盛美上海
600771,广誉远
003027,同兴科技
600354,敦煌种业
002414,高德红外
000930,中粮科技
688138,清溢光电
002798,帝欧水华
601567,XD三星医
300223,北京君正
600114,东睦股份
002543,万和电气
002516,旷达科技
002574,明牌珠宝
600812,华北制药
300909,汇创达
603496,恒为科技
605376,博迁新材
000411,英特集团
002945,华林证券
603658,安图生物
603035,常熟汽饰
301301,川宁生物
600644,乐山电力
002034,旺能环境
301175,中科环保
001316,润贝航科
600526,菲达环保
920837,华原股份
002180,纳思达
002597,金禾实业
688052,纳芯微
600027,华电国际
600153,建发股份
300118,东方日升
000677,恒天海龙
000401,金隅冀东
603418,友升股份
300931,通用电梯
600566,济川药业
600965,福成股份
603108,润达医疗
000885,城发环境
600325,华发股份
000893,亚钾国际
601933,永辉超市
688065,凯赛生物
920007,酉立智能
603336,宏辉果蔬
002541,鸿路钢构
603589,口子窖
600900,长江电力
001318,阳光乳业
601163,三角轮胎
603218,日月股份
603858,步长制药
688709,成都华微
605377,华旺科技
002205,国统股份
603392,万泰生物
600505,西昌电力
300685,艾德生物
920414,欧普泰
002839,张家港行
002338,奥普光电
600572,康恩贝
002922,伊戈尔
600905,三峡能源
300070,碧水源
300236,上海新阳
601298,青岛港
300111,向日葵
600488,津药药业
603688,石英股份
600372,中航机载
601827,三峰环境
603719,良品铺子
300658,延江股份
600798,宁波海运
600480,凌云股份
688548,广钢气体
002168,*ST惠程
600790,轻纺城
000526,学大教育
688375,国博电子
600475,华光环能
603958,哈森股份
002258,利尔化学
601921,浙版传媒
600391,航发科技
002025,航天电器
603757,大元泵业
603111,康尼机电
600845,宝信软件
003030,祖名股份
002436,兴森科技
688550,瑞联新材
600210,紫江企业
688586,江航装备
300587,天铁科技
002275,桂林三金
600444,国机通用
600872,中炬高新
920964,润农节水
601128,常熟银行
688686,奥普特
688238,和元生物
002895,川恒股份
002122,汇洲智能
000567,海德股份
603151,邦基科技
600129,太极集团
000563,陕国投Ａ
000410,沈阳机床
603979,金诚信
688268,华特气体
001223,欧克科技
600362,江西铜业
920396,常辅股份
000019,深粮控股
600520,三佳科技
000713,国投丰乐
300797,钢研纳克
300858,科拓生物
600392,盛和资源
600229,城市传媒
920112,巴兰仕
002287,奇正藏药
300897,山科智能
603232,格尔软件
300511,雪榕生物
688386,泛亚微透
920058,华洋赛车
688566,吉贝尔
002831,裕同科技
603216,梦天家居
000031,大悦城
603960,克来机电
002016,世荣兆业
603823,百合花
603399,永杉锂业
002962,五方光电
600874,创业环保
000895,双汇发展
301348,蓝箭电子
002705,新宝股份
002968,新大正
688047,龙芯中科
601869,长飞光纤
002478,常宝股份
600197,伊力特
688180,君实生物-U
603551,奥普科技
688525,佰维存储
600816,建元信托
603556,海兴电力
002056,横店东磁
002481,双塔食品
002658,雪迪龙
300253,卫宁健康
600422,昆药集团
600597,光明乳业
002848,*ST高斯
600018,上港集团
600400,红豆股份
920855,浙江大农
002075,沙钢股份
688755,汉邦科技
000738,航发控制
603288,海天味业
600187,国中水务
000510,新金路
001914,招商积余
600084,中信尼雅
600273,嘉化能源
688117,圣诺生物
002957,科瑞技术
000166,申万宏源
600893,航发动力
000564,供销大集
920008,成电光信
000513,丽珠集团
688091,上海谊众
603866,桃李面包
000898,鞍钢股份
920273,一致魔芋
603520,司太立
603063,禾望电气
300790,宇瞳光学
601086,国芳集团
603222,济民健康
301162,国能日新
600223,福瑞达
603323,苏农银行
002952,亚世光电
002479,富春环保
688334,西高院
002052,同洲电子
601186,中国铁建
688116,天奈科技
920392,佳合科技
600826,兰生股份
600548,深高速
920106,林泰新材
688663,新风光
600733,北汽蓝谷
601766,中国中车
002507,涪陵榨菜
600023,浙能电力
002948,青岛银行
600795,国电电力
002737,葵花药业
300998,宁波方正
301665,泰禾股份
603008,喜临门
601117,中国化学
300289,利德曼
600682,南京新百
920826,盖世食品
002176,江特电机
000960,锡业股份
601098,XD中南传
300337,银邦股份
603605,珀莱雅
600036,招商银行
688276,百克生物
920029,开发科技
300699,光威复材
301123,奕东电子
301171,易点天下
301086,鸿富瀚
002501,利源股份
000017,深中华A
603095,越剑智能
300581,晨曦航空
002032,苏 泊 尔
301115,联检科技
000598,兴蓉环境
600649,城投控股
600299,安迪苏
600075,新疆天业
000758,中色股份
002545,东方铁塔
920275,驱动力
688363,华熙生物
301589,诺瓦星云
002920,德赛西威
002291,遥望科技
002460,赣锋锂业
001333,光华股份
000728,国元证券
000921,海信家电
688608,恒玄科技
688114,华大智造
002045,国光电器
601059,信达证券
601515,东峰集团
002129,TCL中环
000951,中国重汽
920346,威贸电子
301219,腾远钴业
001285,瑞立科密
688496,清越科技
920925,锦好医疗
688089,嘉必优
603055,台华新材
000795,英洛华
300529,健帆生物
300777,中简科技
002198,嘉应制药
603409,汇通控股
600313,农发种业
300001,特锐德
300443,金雷股份
002266,浙富控股
002423,中粮资本
300199,翰宇药业
688079,美迪凯
688347,华虹公司
300673,佩蒂股份
603639,海利尔
688146,中船特气
002061,浙江交科
000617,中油资本
002738,中矿资源
600216,浙江医药
688101,三达膜
600782,新钢股份
601838,成都银行
920566,梓橦宫
603733,仙鹤股份
002791,坚朗五金
000786,北新建材
603062,麦加芯彩
000655,金岭矿业
603868,飞科电器
600645,中源协和
000858,五 粮 液
688295,中复神鹰
600410,华胜天成
600556,天下秀
002736,国信证券
002811,郑中设计
920806,云星宇
300506,*ST名家
920005,鼎佳精密
603567,珍宝岛
002100,天康生物
000011,深物业A
603325,博隆技术
000876,新 希 望
300102,乾照光电
600048,保利发展
688156,路德环境
601555,东吴证券
600602,云赛智联
600446,金证股份
002420,毅昌科技
002645,华宏科技
600814,杭州解百
603444,吉比特
000423,东阿阿胶
600598,北大荒
600358,ST联合
600507,方大特钢
600741,华域汽车
000719,中原传媒
605296,神农集团
600486,扬农化工
003013,地铁设计
002959,小熊电器
000021,深科技
601061,中信金属
920579,机科股份
600282,南钢股份
001872,招商港口
002813,路畅科技
601369,陕鼓动力
002777,久远银海
300888,稳健医疗
600967,内蒙一机
000815,美利云
300705,九典制药
605116,奥锐特
301307,美利信
600750,江中药业
605090,九丰能源
300650,太龙股份
605338,巴比食品
600064,南京高科
603678,火炬电子
920478,峆一药业
603726,朗迪集团
301019,宁波色母
920278,鹿得医疗
920394,民士达
600980,北矿科技
301538,骏鼎达
603369,今世缘
605196,华通线缆
600012,皖通高速
300824,北鼎股份
301228,实朴检测
603223,恒通股份
600521,华海药业
600626,申达股份
600305,恒顺醋业
002437,誉衡药业
000830,鲁西化工
920839,万通液压
688233,神工股份
688520,神州细胞
603596,伯特利
601881,中国银河
003026,中晶科技
603615,茶花股份
603811,诚意药业
603208,江山欧派
603279,景津装备
688620,安凯微
920099,瑞华技术
603508,思维列控
002216,三全食品
688305,科德数控
300167,ST迪威迅
000524,岭南控股
603406,天富龙
601579,会稽山
601916,浙商银行
600976,健民集团
300006,莱美药业
603977,国泰集团
000935,四川双马
001358,兴欣新材
603886,元祖股份
300765,新诺威
600827,百联股份
002932,明德生物
000793,ST华闻
688652,京仪装备
003000,劲仔食品
000768,中航西飞
601919,中远海控
002246,北化股份
688244,永信至诚
600456,宝钛股份
603659,璞泰来
300481,濮阳惠成
002279,久其软件
600251,冠农股份
603195,公牛集团
300329,海伦钢琴
920145,恒合股份
002836,新宏泽
002064,华峰化学
600038,中直股份
600039,四川路桥
688578,艾力斯
603458,勘设股份
300138,晨光生物
002562,兄弟科技
600236,桂冠电力
601658,邮储银行
601669,中国电建
002916,深南电路
605555,德昌股份
300012,华测检测
600193,*ST创兴
600483,福能股份
600817,宇通重工
603877,太平鸟
601696,中银证券
000590,启迪药业
002276,万马股份
688501,青达环保
300567,精测电子
603286,日盈电子
000656,*ST金科
002182,宝武镁业
000533,顺钠股份
601218,吉鑫科技
000969,安泰科技
301267,华厦眼科
002480,新筑股份
300991,创益通
600085,同仁堂
300552,万集科技
603197,XD保隆科
600673,东阳光
002132,恒星科技
688677,海泰新光
300999,金龙鱼
301013,利和兴
300130,新国都
000538,云南白药
300181,佐力药业
688249,晶合集成
688038,中科通达
920014,特瑞斯
600744,华银电力
603708,家家悦
300633,开立医疗
600876,凯盛新能
603725,天安新材
002003,伟星股份
688321,微芯生物
920924,广脉科技
001965,招商公路
600724,宁波富达
603229,奥翔药业
300435,中泰股份
002461,珠江啤酒
603098,森特股份
300842,帝科股份
601702,华峰铝业
688401,路维光电
605333,沪光股份
600389,江山股份
920351,华光源海
920953,国子软件
601825,沪农商行
000625,长安汽车
000752,ST西发
600866,星湖科技
002109,兴化股份
300692,中环环保
688246,嘉和美康
000681,视觉中国
002506,协鑫集成
000915,华特达因
001323,慕思股份
000090,天健集团
000534,万泽股份
920682,球冠电缆
920000,安徽凤凰
920122,中纺标
300791,仙乐健康
301326,捷邦科技
002923,润都股份
603353,和顺石油
601121,宝地矿业
600338,西藏珠峰
600298,安琪酵母
600901,江苏金租
600346,恒力石化
688691,灿芯股份
600897,厦门空港
600268,国电南自
002625,光启技术
600482,中国动力
301050,雷电微力
601969,海南矿业
601728,中国电信
002250,联化科技
002943,宇晶股份
603185,弘元绿能
601390,中国中铁
600562,国睿科技
002190,成飞集成
000060,中金岭南
688062,迈威生物-U
920163,方大新材
600301,华锡有色
600449,宁夏建材
603505,金石资源
600497,驰宏锌锗
300760,迈瑞医疗
688519,南亚新材
000902,新洋丰
603701,德宏股份
601198,东兴证券
600343,航天动力
688223,晶科能源
301367,瑞迈特
002756,永兴材料
600551,时代出版
603529,爱玛科技
601096,宏盛华源
603636,南威软件
300205,*ST天喻
002967,广电计量
605598,上海港湾
920792,东和新材
600662,外服控股
300641,正丹股份
002026,山东威达
601033,永兴股份
920693,阿为特
920227,美登科技
605100,华丰股份
605016,百龙创园
300604,长川科技
002966,苏州银行
920262,太湖雪
600421,*ST华嵘
002158,汉钟精机
002840,华统股份
002568,百润股份
301141,中科磁业
603997,继峰股份
002973,侨银股份
688206,概伦电子
300340,科恒股份
688277,天智航-U
605055,迎丰股份
001300,三柏硕
688568,中科星图
300498,温氏股份
600868,梅雁吉祥
002677,浙江美大
000403,派林生物
300808,久量股份
603365,水星家纺
603110,东方材料
603600,永艺股份
920274,宏裕包材
002179,中航光电
688360,德马科技
688373,盟科药业-U
600819,耀皮玻璃
301095,广立微
300119,瑞普生物
600808,马钢股份
300490,华自科技
688282,理工导航
301563,云汉芯城
000537,中绿电
920729,永顺生物
300756,金马游乐
301007,德迈仕
301112,信邦智能
002774,快意电梯
000566,海南海药
920245,威博液压
601998,中信银行
603558,健盛集团
300472,*ST新元
002531,天顺风能
301130,西点药业
300517,海波重科
301379,天山电子
301263,泰恩康
003012,东鹏控股
000762,西藏矿业
002474,榕基软件
688058,宝兰德
688083,中望软件
002812,恩捷股份
688472,阿特斯
301235,华康洁净
300723,一品红
300189,神农种业
600309,万华化学
600055,万东医疗
600211,西藏药业
002203,海亮股份
600350,山东高速
603690,至纯科技
601618,中国中冶
688128,中国电研
300761,立华股份
002410,广联达
001309,德明利
000838,财信发展
688660,电气风电
301609,山大电力
301288,*ST清研
300841,康华生物
920056,能之光
603027,千禾味业
301165,锐捷网络
301310,鑫宏业
301590,优优绿能
300468,四方精创
920101,志高机械
300382,斯莱克
603931,格林达
605289,罗曼股份
600623,华谊集团
600513,联环药业
603039,泛微网络
688615,合合信息
001326,联域股份
300863,卡倍亿
920075,柏星龙
000025,特  力Ａ
301039,中集车辆
301291,明阳电气
001360,南矿集团
920541,铁大科技
301533,威马农机
301357,北方长龙
002820,桂发祥
300140,节能环境
601600,中国铝业
600989,宝丰能源
300150,世纪瑞尔
688190,云路股份
301501,恒鑫生活
300322,硕贝德
001696,宗申动力
002779,中坚科技
002511,中顺洁柔
600655,豫园股份
001221,悍高集团
601965,中国汽研
600398,海澜之家
300042,朗科科技
600219,南山铝业
601777,千里科技
002223,鱼跃医疗
300972,万辰集团
688051,佳华科技
002651,利君股份
002293,罗莱生活
600867,通化东宝
688312,燕麦科技
600769,祥龙电业
002405,四维图新
600545,卓郎智能
600729,重庆百货
000877,天山股份
605222,起帆电缆
603486,科沃斯
601636,旗滨集团
688108,赛诺医疗
601009,南京银行
002563,森马服饰
600178,东安动力
600234,科新发展
600596,新安股份
603317,天味食品
301109,军信股份
603569,长久物流
300849,锦盛新材
603826,坤彩科技
603889,新澳股份
603588,高能环境
002299,圣农发展
605499,东鹏饮料
688172,燕东微
688552,航天南湖
300786,国林科技
000425,徐工机械
000629,钒钛股份
301027,华蓝集团
605189,富春染织
605056,咸亨国际
603599,广信股份
000417,合百集团
000568,泸州老窖
600426,华鲁恒升
301316,慧博云通
002289,*ST宇顺
688299,长阳科技
920026,卓兆点胶
600315,上海家化
601899,紫金矿业
600405,动力源
002985,北摩高科
688728,格科微
601611,中国核建
002852,道道全
301035,润丰股份
002978,安宁股份
301345,涛涛车业
002653,海思科
688036,传音控股
002690,美亚光电
688126,沪硅产业
605566,福莱蒽特
603871,嘉友国际
002518,科士达
603848,好太太
603132,金徽股份
603806,福斯特
002233,塔牌集团
688426,康为世纪
920808,曙光数创
003010,若羽臣
301077,星华新材
600777,*ST新潮
002611,东方精工
688099,晶晨股份
605155,西大门
688596,正帆科技
600111,北方稀土
688488,艾迪药业
300390,天华新能
603086,先达股份
300865,大宏立
000600,建投能源
600107,ST尔雅
300896,爱美客
002718,友邦吊顶
688758,赛分科技
000729,燕京啤酒
603351,威尔药业
688361,中科飞测
603612,索通发展
603697,有友食品
600745,闻泰科技
603799,华友钴业
920433,大唐药业
000899,赣能股份
300661,圣邦股份
603207,XD小方制
300290,荣科科技
300875,捷强装备
688480,赛恩斯
301448,开创电气
002918,蒙娜丽莎
002361,神剑股份
920368,连城数控
603257,中国瑞林
601886,江河集团
600873,梅花生物
301269,华大九天
301327,华宝新能
002251,步步高
601609,金田股份
600995,南网储能
603778,国晟科技
600295,鄂尔多斯
688310,迈得医疗
002177,御银股份
920018,宏远股份
300617,安靠智电
605507,国邦医药
688370,丛麟科技
600882,妙可蓝多
920505,九菱科技
002628,成都路桥
000989,九芝堂
300598,诚迈科技
002389,航天彩虹
000058,深 赛 格
600958,东方证券
600481,双良节能
300015,爱尔眼科
600612,老凤祥
688711,宏微科技
300813,泰林生物
002885,京泉华
002058,*ST威尔
601003,柳钢股份
601968,宝钢包装
920735,德源药业
920128,胜业电气
002294,信立泰
688326,经纬恒润-W
002867,周大生
600458,时代新材
600666,奥瑞德
600316,洪都航空
300368,汇金股份
002428,云南锗业
002199,*ST东晶
920123,芭薇股份
301026,浩通科技
002762,*ST金比
000751,锌业股份
300768,迪普科技
600756,浪潮软件
603315,福鞍股份
603816,顾家家居
688037,芯源微
601077,渝农商行
000006,深振业Ａ
002004,华邦健康
002392,北京利尔
920575,康乐卫士
300662,科锐国际
920270,天铭科技
000792,盐湖股份
301388,欣灵电气
920207,众诚科技
600919,江苏银行
603927,中科软
001317,三羊马
300204,舒泰神
600712,南宁百货
600162,香江控股
603189,网达软件
601089,福元医药
600010,包钢股份
603077,和邦生物
600419,天润乳业
920022,世昌股份
300113,顺网科技
600732,爱旭股份
000875,吉电股份
605378,野马电池
300729,乐歌股份
688392,骄成超声
600557,康缘药业
688510,航亚科技
601136,首创证券
603683,晶华新材
301010,晶雪节能
002345,潮宏基
600916,中国黄金
601865,福莱特
688484,南芯科技
688271,联影医疗
002365,永安药业
301003,江苏博云
000831,中国稀土
600536,中国软件
002601,龙佰集团
688336,三生国健
603988,中电电机
301500,飞南资源
601008,连云港
300448,浩云科技
600231,凌钢股份
920403,康农种业
688008,澜起科技
605077,华康股份
603186,华正新材
002487,大金重工
300766,每日互动
920017,星昊医药
003006,百亚股份
300414,中光防雷
002213,大为股份
301498,乖宝宠物
002415,海康威视
000688,国城矿业
001979,招商蛇口
002605,姚记科技
600987,航民股份
603181,皇马科技
300878,维康药业
000572,海马汽车
920080,奥美森
600809,山西汾酒
300677,英科医疗
688325,赛微微电
603130,云中马
603061,金海通
688228,开普云
688290,景业智能
300666,江丰电子
002714,牧原股份
001222,源飞宠物
688279,峰岹科技
002466,天齐锂业
688287,*ST观典
002773,康弘药业
688475,萤石网络
601020,华钰矿业
603079,圣达生物
301331,恩威医药
600730,中国高科
600629,华建集团
600737,中粮糖业
002581,ST未名
920184,国源科技
688349,三一重能
000980,众泰汽车
002529,*ST海源
002185,华天科技
601126,四方股份
600861,北京人力
300893,松原安全
001212,中旗新材
002626,金达威
600438,通威股份
601615,明阳智能
605099,共创草坪
300523,辰安科技
688068,热景生物
920037,广信科技
603928,兴业股份
920405,海希通讯
603686,福龙马
600000,浦发银行
603170,宝立食品
002793,罗欣药业
688153,唯捷创芯
002459,晶澳科技
300835,龙磁科技
300200,高盟新材
920475,三友科技
002364,中恒电气
300983,尤安设计
002241,歌尔股份
300588,熙菱信息
601606,长城军工
000035,中国天楹
300648,星云股份
301148,嘉戎技术
688382,益方生物-U
688409,富创精密
920765,美之高
600067,冠城新材
603983,丸美生物
600711,盛屯矿业
002286,保龄宝
603813,*ST原尚
002759,天际股份
300973,立高食品
688221,前沿生物-U
688768,容知日新
002202,金风科技
002240,盛新锂能
001225,和泰机电
603959,百利科技
000776,广发证券
301319,唯特偶
688098,申联生物
603766,隆鑫通用
600057,厦门象屿
601718,际华集团
688350,富淼科技
300952,恒辉安防
688171,纬德信息
603269,海鸥股份
002298,中电鑫龙
300141,和顺电气
688095,福昕软件
300779,惠城环保
688303,大全能源
688331,荣昌生物
000766,通化金马
300158,振东制药
920344,三元基因
600503,华丽家族
002040,南 京 港
920892,广咨国际
002941,新疆交建
600605,汇通能源
605188,国光连锁
300642,透景生命
300772,运达股份
688398,赛特新材
003016,欣贺股份
002169,智光电气
300619,金银河
002701,奥瑞金
920169,七丰精工
603320,迪贝电气
001328,登康口腔
601012,隆基绿能
688110,东芯股份
688679,通源环境
301209,联合化学
600469,风神股份
603217,元利科技
301221,光庭信息
300127,银河磁体
605339,南侨食品
603698,航天工程
002971,和远气体
920982,锦波生物
603969,银龙股份
600459,贵研铂业
300486,东杰智能
600641,万业企业
002121,科陆电子
600501,航天晨光
688105,诺唯赞
300507,苏奥传感
920087,秋乐种业
600490,鹏欣资源
300464,星徽股份
603367,辰欣药业
920509,同惠电子
300401,花园生物
600259,广晟有色
603863,松炀资源
600961,株冶集团
002825,纳尔股份
688610,埃科光电
000426,兴业银锡
688786,悦安新材
300698,万马科技
300948,冠中生态
603668,天马科技
600960,渤海汽车
300993,玉马科技
600684,珠江股份
300945,曼卡龙
688226,威腾电气
920284,灵鸽科技
300389,艾比森
688192,迪哲医药-U
603477,巨星农牧
300611,美力科技
300610,晨化股份
605228,神通科技
300475,香农芯创
002946,新乳业
301391,卡莱特
002019,亿帆医药
688449,联芸科技
600078,澄星股份
605060,联德股份
002513,蓝丰生化
000975,山金国际
002847,盐津铺子
000045,深纺织Ａ
603388,*ST元成
600436,片仔癀
920857,泓禧科技
688005,容百科技
920015,锦华新材
605255,天普股份
003033,征和工业
300591,万里马
300683,海特生物
002602,ST华通
603843,*ST正平
300877,金春股份
601619,嘉泽新能
603389,*ST亚振
000691,*ST亚太
920158,长江能科
600375,汉马科技
002370,亚太药业
300774,倍杰特
002107,沃华医药
688011,新光光电
600489,中金黄金
688788,科思科技
002998,优彩资源
001332,锡装股份
300302,同有科技
920978,开特股份
920438,戈碧迦
301216,万凯新材
300539,横河精密
301099,雅创电子
002311,海大集团
001337,四川黄金
605599,菜百股份
600531,豫光金铅
600021,上海电力
002155,湖南黄金
600547,山东黄金
000014,沙河股份
603613,国联股份
301323,新莱福
600094,大名城
920971,天马新材
002237,恒邦股份
600988,赤峰黄金
000506,招金黄金
002940,昂利康
000603,盛达资源
300096,ST易联众
603900,莱绅通灵
002731,萃华珠宝
300469,信息发展
300388,节能国祯
300139,晓程科技
002552,宝鼎科技
002571,德力股份
002942,新农股份
601069,西部黄金
002716,湖南白银
601212,白银有色
688335,复洁环保
601026,C道生
300806,斯迪克
301190,善水科技
300911,亿田智能
920680,*ST广道
920020,泰凯英
833994,翰博高新
833874,泰祥股份
832317,观典防务
810011,优机定转
688783,西安奕材
688765,禾元生物
688759,必贝特
688555,退市泽达
688086,退市紫晶
605178,时空科技
603996,退市中新
603963,*ST大药
603603,退市博天
603555,ST贵人
603376,大明电子
603334,丰倍生物
603175,超颖电子
603157,退市拉夏
603133,退市碳元
603092,德力佳
603042,华脉科技
603014,威高血净
603003,退市龙宇
601989,中国重工
601558,退市锐电
601299,中国北车
601268,*ST二重
601258,*ST庞大
601028,玉龙股份
600991,广汽长丰
600978,*ST宜生
600899,*ST信联
600898,*ST美讯
600896,退市海医
600891,退市秋林
600890,退市中房
600878,*ST北科
600870,退市厦华
600856,退市中天
600852,*ST中川
600849,上药转换
600842,中西药业
600840,新湖创业
600837,海通证券
600836,*ST易连
600832,东方明珠
600823,*ST世茂
600813,ST鞍一工
600811,*ST东方
600806,退市昆机
600804,退市鹏博
600799,*ST龙科
600788,*ST达曼
600786,东方锅炉
600781,退市辅仁
600772,S*ST龙昌
600767,退市运盛
600766,退市园城
600762,S*ST金荔
600752,*ST哈慈
600747,退市大控
600723,首商股份
600709,ST生态
600705,中航产融
600701,退市工新
600700,*ST数码
600695,退市绿庭
600687,退市刚泰
600680,*ST上普
600677,*ST航通
600672,*ST华圣
600670,*ST斯达
600669,*ST鞍成
600659,*ST花雕
600656,退市博元
600652,退市游久
600647,退市同达
600646,ST国嘉
600634,退市富控
600632,华联商厦
600631,百联股份
600627,上电股份
600625,PT水仙
600614,退市鹏起
600607,上实医药
600591,*ST上航
600565,ST迪马
600555,退市海创
600553,太行水泥
600532,退市未来
600485,*ST信威
600472,包头铝业
600466,*ST蓝光
600462,退市九有
600432,退市吉恩
600401,退市海润
600393,ST粤泰
600387,退市海越
600385,退市金泰
600357,承德钒钛
600321,正源股份
600317,营口港
600311,*ST荣华
600306,退市商城
600297,广汇汽车
600296,S兰铝
600291,退市西水
600290,*ST华仪
600286,S*ST国瓷
600277,ST亿利
600275,退市昌鱼
600270,外运发展
600263,路桥建设
600260,*ST凯乐
600253,天方药业
600247,*ST成城
600242,退市中昌
600240,退市华业
600225,退市卓朗
600220,ST阳光
600213,*ST亚星
600209,退市罗顿
600205,S山东铝
600190,退市锦港
600181,S*ST云大
600175,退市美都
600146,退市环球
600145,退市新亿
600139,*ST西源
600122,*ST宏图
600112,*ST天成
600102,莱钢股份
600093,退市易见
600092,S*ST精密
600091,退市明科
600090,退市济堂
600087,退市长油
600086,退市金钰
600083,*ST博信
600077,*ST宋都
600074,退市保千
600070,*ST富润
600069,退市银鸽
600068,葛洲坝
600065,*ST联谊
600005,武钢股份
600003,ST东北高
600002,齐鲁石化
600001,邯郸钢铁
300799,左江退
300742,越博退
300630,普利退
300526,中潜退
300495,*ST美尚
300431,暴风退
300392,腾信退
300372,欣泰退
300367,网力退
300362,天翔退
300356,光一退
300336,新文退
300330,计通退
300325,德威退
300312,邦讯退
300309,吉艾退
300297,蓝盾退
300282,三盛退
300280,紫天退
300273,和佳退
300262,*ST巴安
300216,千山退
300208,中程退
300202,聚龙退
300186,大华农
300178,腾邦退
300156,神雾退
300117,*ST嘉寓
300116,*ST保力
300108,*ST吉药
300104,乐视退
300090,盛运退
300089,文化退
300064,金刚退
300038,数知退
300028,金亚退
300023,宝德退
002781,奇信退
002776,*ST柏龙
002770,科迪退
002751,易尚退
002750,龙津退
002740,*ST爱迪
002711,欧浦退
002699,*ST美盛
002684,猛狮退
002680,长生退
002665,ST航高
002621,*ST美吉
002619,*ST艾格
002618,丹邦退
002610,ST爱康
002604,龙力退
002509,天茂退
002505,鹏都农牧
002504,*ST弘高
002503,*ST搜特
002502,ST鼎龙
002499,科林退
002477,雏鹰退
002473,圣莱退
002464,众应退
002450,康得退
002447,晨鑫退
002435,ST长康
002433,太安退
002417,深南退
002411,必康退
002359,北讯退
002341,ST新纶
002336,人乐退
002325,*ST洪涛
002308,*ST威创
002288,*ST超华
002280,ST联络
002260,德奥退
002220,天宝退
002147,新光退
002143,印纪退
002118,*ST紫鑫
002113,*ST天润
002089,新海退
002087,新纺退
002071,长城退
002070,众和退
002047,*ST宝鹰
002018,华信退
002013,中航机电
002002,ST鸿达
001386,马可波罗
001206,依依股份
000996,中期退
000982,中银绒业
000979,中弘退
000976,*ST华铁
000971,*ST高升
000961,ST中南
000956,中原油气
000939,凯迪退
000918,*ST嘉凯
000916,华北高速
000866,扬子石化
000861,海印股份
000851,*ST高鸿
000836,ST富通
000835,长动退
000832,*ST龙涤
000827,*ST长兴
000817,辽河油田
000806,银河退
000805,*ST炎黄
000787,*ST创智
000780,ST平能
000769,*ST大菲
000765,*ST华信
000763,锦州石化
000760,斯太退
000748,长城信息
000732,ST泰禾
000730,*ST环保
000699,S*ST佳纸
000693,华泽退
000689,ST宏业
000687,华讯退
000675,ST银山
000673,当代退
000671,ST阳光城
000667,ST美置
000666,经纬纺机
000662,天夏退
000660,*ST南华
000658,ST海洋
000653,ST九州
000627,*ST天茂
000622,恒立退
000621,*ST比特
000618,吉林化工
000616,*ST海投
000613,东海A退
000611,天首退
000606,顺利退
000602,金马集团
000594,国恒退
000588,PT粤金曼
000587,*ST金洲
000585,东电退
000584,工智退
000583,S*ST托普
000578,盐湖集团
000569,长城股份
000562,宏源证券
000556,PT南洋
000549,S湘火炬
000542,TCL通讯
000540,*ST中天
000535,*ST猴王
000527,美的电器
000522,白云山A
000515,攀渝钛业
000511,烯碳退
000508,琼民源A
000502,绿景退
000418,小天鹅A
000416,*ST民控
000413,ST旭电
000412,ST五环
000406,石油大明
000405,ST鑫光
000150,*ST宜康
000047,ST中侨
000046,*ST泛海
000040,*ST旭蓝
000038,大通退
000033,新都退
000024,招商地产
000023,*ST深天
000018,神城A退
000015,PT中浩A
000013,*ST石化A
000005,ST星源
000003,PT金田A
