日期,股票代码,开盘,收盘,最高,最低,成交量,成交额,振幅,涨跌幅,涨跌额,换手率
2023-06-27,920651,9.51,9.53,10.5,9.41,47540,57272179.23,10.11,-11.6,-1.25,33.14
2023-06-28,920651,9.3,8.6,9.3,8.4,16951,18287117.63,9.44,-9.76,-0.93,11.82
2023-06-29,920651,8.4,8.59,8.65,8.35,9458,10036234.11,3.49,-0.12,-0.01,6.59
2023-06-30,920651,8.6,8.74,8.85,8.4,7489,8065750.31,5.24,1.75,0.15,5.22
2023-07-03,920651,8.7,8.79,8.8,8.51,5341,5766040.23,3.32,0.57,0.05,3.72
2023-07-04,920651,8.73,8.77,8.82,8.7,3033,3296251.41,1.37,-0.23,-0.02,2.11
2023-07-05,920651,8.82,8.96,9.07,8.72,6000,6626641.19,3.99,2.17,0.19,4.18
2023-07-06,920651,8.91,8.92,8.92,8.76,3826,4193803.78,1.79,-0.45,-0.04,2.67
2023-07-07,920651,8.9,8.95,9.01,8.89,2203,2437411.89,1.35,0.34,0.03,1.54
2023-07-10,920651,8.88,9.05,9.09,8.88,2237,2485212.76,2.35,1.12,0.1,1.56
2023-07-11,920651,9.03,9.0,9.05,8.93,2062,2282848.61,1.33,-0.55,-0.05,1.44
2023-07-12,920651,8.94,8.86,8.98,8.85,2196,2416513.78,1.44,-1.56,-0.14,1.53
2023-07-13,920651,8.76,8.85,8.87,8.75,1781,1947545.35,1.35,-0.11,-0.01,1.24
2023-07-14,920651,8.85,8.83,8.85,8.79,550,599956.96,0.68,-0.23,-0.02,0.38
2023-07-17,920651,8.84,8.84,8.93,8.78,1702,1863258.89,1.7,0.11,0.01,1.19
2023-07-18,920651,8.83,8.82,8.85,8.75,1424,1551645.71,1.13,-0.23,-0.02,0.99
2023-07-19,920651,8.83,8.8,8.83,8.77,876,954500.86,0.68,-0.23,-0.02,0.61
2023-07-20,920651,8.76,8.76,8.84,8.74,1443,1570933.64,1.14,-0.45,-0.04,1.01
2023-07-21,920651,8.79,8.75,8.79,8.75,1002,1088356.64,0.46,-0.11,-0.01,0.7
2023-07-24,920651,8.74,8.77,8.79,8.72,592,642990.16,0.8,0.23,0.02,0.41
2023-07-25,920651,8.73,8.79,8.82,8.7,2212,2398818.29,1.37,0.23,0.02,1.54
2023-07-26,920651,8.74,8.76,8.76,8.72,756,818500.12,0.46,-0.34,-0.03,0.53
2023-07-27,920651,8.72,8.71,8.76,8.71,474,513599.97,0.57,-0.57,-0.05,0.33
2023-07-28,920651,8.71,8.77,8.78,8.7,1043,1130982.49,0.92,0.69,0.06,0.73
2023-07-31,920651,8.84,8.8,8.84,8.77,957,1041785.73,0.8,0.34,0.03,0.67
2023-08-01,920651,8.76,8.77,8.8,8.73,539,585222.18,0.8,-0.34,-0.03,0.38
2023-08-02,920651,8.73,8.78,8.8,8.71,615,667810.02,1.03,0.11,0.01,0.43
2023-08-03,920651,8.73,8.77,8.77,8.71,456,493950.21,0.68,-0.11,-0.01,0.32
2023-08-04,920651,8.74,8.76,8.76,8.74,542,587367.66,0.23,-0.11,-0.01,0.38
2023-08-07,920651,8.73,8.75,8.77,8.71,564,610428.23,0.68,-0.11,-0.01,0.39
2023-08-08,920651,8.78,8.79,8.84,8.73,873,949136.46,1.26,0.46,0.04,0.61
2023-08-09,920651,8.76,8.77,8.82,8.76,264,287960.41,0.68,-0.23,-0.02,0.18
2023-08-10,920651,8.75,8.76,8.78,8.73,727,788675.61,0.57,-0.11,-0.01,0.51
2023-08-11,920651,8.75,8.77,8.79,8.7,772,836452.29,1.03,0.11,0.01,0.54
2023-08-14,920651,8.72,8.99,9.01,8.71,5079,5604658.55,3.42,2.51,0.22,3.54
2023-08-15,920651,8.86,9.23,9.23,8.83,6697,7472924.06,4.45,2.67,0.24,4.67
2023-08-16,920651,9.22,9.17,9.3,9.13,2598,2942719.85,1.84,-0.65,-0.06,1.81
2023-08-17,920651,9.13,9.11,9.15,9.01,1058,1182781.53,1.53,-0.65,-0.06,0.74
2023-08-18,920651,9.05,9.14,9.16,9.03,1625,1815442.36,1.43,0.33,0.03,1.13
2023-08-21,920651,9.07,8.97,9.1,8.91,1207,1338260.61,2.08,-1.86,-0.17,0.84
2023-08-22,920651,8.97,8.84,8.97,8.71,1237,1349842.52,2.9,-1.45,-0.13,0.86
2023-08-23,920651,8.89,8.62,8.89,8.6,1580,1707064.47,3.28,-2.49,-0.22,1.1
2023-08-24,920651,8.88,8.77,8.98,8.71,1613,1766823.17,3.13,1.74,0.15,1.12
2023-08-25,920651,8.72,9.0,9.05,8.71,2135,2343630.0,3.88,2.62,0.23,1.49
2023-08-28,920651,9.38,9.09,9.9,9.09,2978,3408939.14,9.0,1.0,0.09,2.08
2023-08-29,920651,9.19,9.11,9.2,9.09,935,1052811.73,1.21,0.22,0.02,0.65
2023-08-30,920651,9.09,9.05,9.24,9.04,1153,1293397.2,2.2,-0.66,-0.06,0.8
2023-08-31,920651,9.02,8.98,9.03,8.86,380,418523.58,1.88,-0.77,-0.07,0.26
2023-09-01,920651,8.89,9.29,9.32,8.89,1955,2213882.76,4.79,3.45,0.31,1.36
2023-09-04,920651,9.63,9.73,9.96,9.56,9812,11620077.61,4.31,4.74,0.44,6.84
2023-09-05,920651,9.7,9.6,9.82,9.45,1999,2338605.93,3.8,-1.34,-0.13,1.39
2023-09-06,920651,9.65,10.25,10.93,9.65,12884,16082257.14,13.33,6.77,0.65,8.98
2023-09-07,920651,10.5,10.86,11.15,10.0,12357,15978576.67,11.22,5.95,0.61,8.61
2023-09-08,920651,11.06,10.72,11.46,10.49,10398,13612209.16,8.93,-1.29,-0.14,7.25
2023-09-11,920651,10.46,11.15,11.48,10.4,8745,11624819.28,10.07,4.01,0.43,6.1
2023-09-12,920651,11.35,12.18,12.4,11.2,16778,23267169.67,10.76,9.24,1.03,11.7
2023-09-13,920651,11.89,12.03,12.15,11.48,6804,9450280.56,5.5,-1.23,-0.15,4.74
2023-09-14,920651,11.81,11.43,12.03,10.9,6465,8712107.95,9.39,-4.99,-0.6,4.51
2023-09-15,920651,11.58,13.69,14.39,11.58,21812,32730532.36,24.58,19.77,2.26,15.2
2023-09-18,920651,12.98,13.9,15.3,12.98,17166,27992528.53,16.95,1.53,0.21,11.97
2023-09-19,920651,14.08,13.9,14.44,13.45,9207,14583812.69,7.12,0.0,0.0,6.42
2023-09-20,920651,14.45,13.17,14.45,12.91,8538,13252278.89,11.08,-5.25,-0.73,5.95
2023-09-21,920651,12.58,12.71,13.39,12.15,8121,11966513.77,9.42,-3.49,-0.46,5.66
2023-09-22,920651,12.66,12.69,13.47,12.5,5938,8523044.99,7.63,-0.16,-0.02,4.14
2023-09-25,920651,12.7,13.16,14.1,12.7,4809,7077483.95,11.03,3.7,0.47,3.35
2023-09-26,920651,12.81,12.7,13.19,12.4,3440,4837847.04,6.0,-3.5,-0.46,2.4
2023-09-27,920651,12.56,12.6,13.2,12.56,7041,9969323.5,5.04,-0.79,-0.1,4.91
2023-09-28,920651,12.6,12.25,12.71,11.61,6396,8717084.01,8.73,-2.78,-0.35,4.46
2023-10-09,920651,12.25,12.0,12.43,11.69,3748,5021613.87,6.04,-2.04,-0.25,2.64
2023-10-10,920651,12.01,11.76,12.13,11.75,2590,3442279.57,3.17,-2.0,-0.24,1.82
2023-10-11,920651,11.67,11.37,11.8,11.2,2142,2754037.48,5.1,-3.32,-0.39,1.51
2023-10-12,920651,11.13,10.74,11.21,10.56,7257,8803225.85,5.72,-5.54,-0.63,5.11
2023-10-13,920651,10.67,10.9,11.3,10.65,3096,3823062.53,6.05,1.49,0.16,2.18
2023-10-16,920651,10.69,10.9,10.92,10.0,2508,2955300.14,8.44,0.0,0.0,1.76
2023-10-17,920651,10.6,10.6,10.7,10.44,1470,1764855.95,2.39,-2.75,-0.3,1.03
2023-10-18,920651,10.69,10.33,10.69,10.1,461,544116.05,5.57,-2.55,-0.27,0.32
2023-10-19,920651,10.2,10.19,10.3,9.98,692,797054.29,3.1,-1.36,-0.14,0.49
2023-10-20,920651,9.92,9.88,9.96,9.8,667,750882.46,1.57,-3.04,-0.31,0.47
2023-10-23,920651,9.8,9.63,10.04,9.6,289,319568.14,4.45,-2.53,-0.25,0.2
2023-10-24,920651,9.71,9.82,9.84,9.65,1176,1310366.93,1.97,1.97,0.19,0.83
2023-10-25,920651,9.71,9.85,9.96,9.71,387,435563.9,2.55,0.31,0.03,0.27
2023-10-26,920651,9.72,9.87,9.87,9.61,2060,2278060.74,2.64,0.2,0.02,1.45
2023-10-27,920651,9.62,10.21,10.29,9.59,2145,2404013.81,7.09,3.44,0.34,1.51
2023-10-30,920651,10.01,10.25,10.25,9.9,2294,2634115.71,3.43,0.39,0.04,1.61
2023-10-31,920651,10.37,10.24,10.37,10.17,711,826292.91,1.95,-0.1,-0.01,0.5
2023-11-01,920651,10.15,10.26,10.32,10.15,259,300769.78,1.66,0.2,0.02,0.18
2023-11-02,920651,10.39,10.2,10.4,10.16,1171,1367505.08,2.34,-0.58,-0.06,0.82
2023-11-03,920651,10.33,10.39,10.6,10.22,1622,1912822.93,3.73,1.86,0.19,1.14
2023-11-06,920651,10.45,10.57,10.58,10.27,1642,1941775.95,2.98,1.73,0.18,1.16
2023-11-07,920651,10.57,10.49,10.59,10.42,934,1109973.58,1.61,-0.76,-0.08,0.66
2023-11-08,920651,10.78,10.97,11.0,10.4,4246,5185395.33,5.72,4.58,0.48,2.99
2023-11-09,920651,11.1,11.71,11.78,10.8,4939,6380076.89,8.93,6.75,0.74,3.48
2023-11-10,920651,11.39,11.73,11.73,11.31,3015,3906262.32,3.59,0.17,0.02,2.12
2023-11-13,920651,11.7,12.11,12.26,11.53,1094,1462372.54,6.22,3.24,0.38,0.77
2023-11-14,920651,11.89,12.09,12.45,11.7,1521,2041744.66,6.19,-0.17,-0.02,1.07
2023-11-15,920651,12.02,11.78,12.14,11.68,2319,3084405.56,3.8,-2.56,-0.31,1.63
2023-11-16,920651,11.78,11.49,11.78,11.22,1410,1802182.24,4.75,-2.46,-0.29,0.99
2023-11-17,920651,11.48,11.49,11.5,10.93,1781,2279958.51,4.96,0.0,0.0,1.25
2023-11-20,920651,11.51,11.75,11.9,11.21,1244,1621145.64,6.01,2.26,0.26,0.88
2023-11-21,920651,11.87,12.33,13.38,11.8,7375,10491649.35,13.45,4.94,0.58,5.19
2023-11-22,920651,11.99,13.35,14.35,11.99,15122,22072432.78,19.14,8.27,1.02,10.64
2023-11-23,920651,14.14,13.83,15.2,13.53,29776,47103183.1,12.51,3.6,0.48,20.95
2023-11-24,920651,13.31,15.62,16.05,12.97,25551,41259043.12,22.27,12.94,1.79,17.98
2023-11-27,920651,16.08,18.29,18.93,15.62,40347,73875419.12,21.19,17.09,2.67,28.39
2023-11-28,920651,17.1,16.4,17.92,16.1,26621,49242510.96,9.95,-10.33,-1.89,18.73
2023-11-29,920651,16.82,14.58,17.26,14.25,17156,29291867.3,18.35,-11.1,-1.82,12.07
2023-11-30,920651,14.3,13.88,14.94,13.4,14248,22095902.97,10.56,-4.8,-0.7,10.03
2023-12-01,920651,14.07,13.21,14.3,13.04,9658,14411052.76,9.08,-4.83,-0.67,6.8
2023-12-04,920651,13.5,13.78,13.99,13.18,8168,12280406.95,6.13,4.31,0.57,5.75
2023-12-05,920651,13.59,15.1,15.57,13.56,14117,22661312.47,14.59,9.58,1.32,9.93
2023-12-06,920651,15.06,15.35,15.88,14.7,11779,19553810.94,7.81,1.66,0.25,8.29
2023-12-07,920651,15.2,15.95,16.48,15.2,10469,18171944.08,8.34,3.91,0.6,7.37
2023-12-08,920651,15.76,16.44,16.75,15.76,13292,23563215.5,6.21,3.07,0.49,9.35
2023-12-11,920651,16.47,15.42,16.5,15.05,10040,17091390.25,8.82,-6.2,-1.02,7.07
2023-12-12,920651,15.11,15.41,15.59,15.08,7425,12414856.99,3.31,-0.06,-0.01,5.23
2023-12-13,920651,15.6,15.78,16.03,15.32,11702,20101924.72,4.61,2.4,0.37,8.23
2023-12-14,920651,15.87,16.13,16.75,15.78,14382,25439251.1,6.15,2.22,0.35,10.12
2023-12-15,920651,16.14,16.52,16.57,15.61,10819,18901220.1,5.95,2.42,0.39,7.61
2023-12-18,920651,17.04,17.22,17.78,16.45,18550,34545247.25,8.05,4.24,0.7,13.05
2023-12-19,920651,17.5,17.0,17.7,16.16,11900,21842836.38,8.94,-1.28,-0.22,8.37
2023-12-20,920651,16.89,17.95,18.0,16.78,16237,30808033.35,7.18,5.59,0.95,11.43
2023-12-21,920651,17.83,15.28,18.26,15.2,14132,25996495.69,17.05,-14.87,-2.67,9.95
2023-12-22,920651,15.46,15.48,15.74,14.73,9207,15304141.81,6.61,1.31,0.2,6.48
2023-12-25,920651,15.6,16.8,16.83,15.41,12257,21672557.46,9.17,8.53,1.32,8.63
2023-12-26,920651,16.93,17.7,18.58,16.57,22376,42457311.8,11.96,5.36,0.9,15.75
2023-12-27,920651,17.88,18.04,19.07,17.43,21992,43290031.31,9.27,1.92,0.34,15.48
2023-12-28,920651,17.6,18.31,18.4,17.22,15905,30565040.14,6.54,1.5,0.27,11.19
2023-12-29,920651,17.85,18.99,19.46,17.85,18621,37512455.42,8.79,3.71,0.68,13.1
2024-01-02,920651,18.99,19.52,19.6,18.41,19383,39917482.01,6.27,2.79,0.53,13.64
2024-01-03,920651,19.27,18.98,19.55,18.39,11324,23029060.7,5.94,-2.77,-0.54,7.97
2024-01-04,920651,19.07,18.79,19.1,18.21,10403,20867141.72,4.69,-1.0,-0.19,7.32
2024-01-05,920651,18.73,17.8,19.0,17.37,8941,17443026.52,8.67,-5.27,-0.99,6.29
2024-01-08,920651,17.44,16.65,18.1,16.65,5010,9466862.39,8.15,-6.46,-1.15,3.53
2024-01-09,920651,16.67,15.85,16.94,15.23,6403,11145631.63,10.27,-4.8,-0.8,4.51
2024-01-10,920651,15.9,16.3,16.57,15.52,5481,9564168.67,6.62,2.84,0.45,3.86
2024-01-11,920651,16.46,16.4,16.55,15.9,4331,7675347.51,3.99,0.61,0.1,3.05
2024-01-12,920651,16.15,14.61,16.37,14.6,10303,17232798.52,10.79,-10.91,-1.79,7.25
2024-01-15,920651,14.51,13.99,14.79,13.7,4316,6727072.56,7.46,-4.24,-0.62,3.04
2024-01-16,920651,14.0,15.16,15.16,13.28,6874,10806829.0,13.44,8.36,1.17,4.84
2024-01-17,920651,15.13,14.74,15.95,14.7,5350,8910637.84,8.25,-2.77,-0.42,3.77
2024-01-18,920651,14.88,15.64,15.7,14.35,6443,10694713.38,9.16,6.11,0.9,4.53
2024-01-19,920651,15.57,16.45,16.59,15.35,9672,17081396.75,7.93,5.18,0.81,6.81
2024-01-22,920651,16.38,15.5,16.75,15.22,6204,10838006.06,9.3,-5.78,-0.95,4.37
2024-01-23,920651,15.7,15.76,15.9,15.17,5537,9404736.42,4.71,1.68,0.26,3.62
2024-01-24,920651,15.6,15.68,16.05,15.09,4251,7229089.78,6.09,-0.51,-0.08,2.78
2024-01-25,920651,15.4,15.17,15.88,15.08,6534,11017339.89,5.1,-3.25,-0.51,4.28
2024-01-26,920651,15.14,15.1,15.54,14.81,3435,5708865.4,4.81,-0.46,-0.07,2.25
2024-01-29,920651,14.97,13.82,14.98,13.71,5998,9234288.5,8.41,-8.48,-1.28,3.93
2024-01-30,920651,13.82,13.55,14.04,13.12,2648,3935668.68,6.66,-1.95,-0.27,1.73
2024-01-31,920651,13.46,13.56,13.99,13.22,5661,8531322.35,5.68,0.07,0.01,3.71
2024-02-01,920651,13.56,12.6,13.56,12.53,4150,5985907.36,7.6,-7.08,-0.96,2.72
2024-02-02,920651,12.82,11.76,12.82,11.1,4281,5663433.94,13.65,-6.67,-0.84,2.8
2024-02-05,920651,11.65,11.18,11.65,10.13,6404,7970960.86,12.93,-4.93,-0.58,4.19
2024-02-06,920651,11.08,12.6,12.67,10.99,4932,6588606.61,15.03,12.7,1.42,3.23
2024-02-07,920651,12.77,12.7,13.85,12.07,8063,11740070.38,14.13,0.79,0.1,5.28
2024-02-08,920651,12.47,12.86,13.15,11.79,4878,6770248.88,10.71,1.26,0.16,3.19
2024-02-19,920651,12.86,13.15,13.42,12.81,2950,4284461.0,4.74,2.26,0.29,1.93
2024-02-20,920651,12.54,13.41,13.56,12.54,3669,5400927.04,7.76,1.98,0.26,2.4
2024-02-21,920651,13.3,13.38,13.95,13.2,4873,7297893.72,5.59,-0.22,-0.03,3.19
2024-02-22,920651,12.91,13.28,13.57,12.91,3028,4420208.48,4.93,-0.75,-0.1,1.98
2024-02-23,920651,13.4,12.76,13.4,12.68,4759,6827474.9,5.42,-3.92,-0.52,3.12
2024-02-26,920651,12.74,12.88,13.08,12.6,3666,5244599.0,3.76,0.94,0.12,2.4
2024-02-27,920651,13.08,13.89,13.9,12.77,7685,11493645.83,8.77,7.84,1.01,5.03
2024-02-28,920651,14.03,14.31,15.08,13.51,13455,21143451.83,11.3,3.02,0.42,8.81
2024-02-29,920651,14.3,14.72,14.89,14.02,9225,14599890.39,6.08,2.87,0.41,6.04
2024-03-01,920651,14.75,14.6,15.08,14.41,7409,11995441.54,4.55,-0.82,-0.12,4.85
2024-03-04,920651,14.35,13.91,14.55,13.67,7259,11088452.96,6.03,-4.73,-0.69,4.75
2024-03-05,920651,14.04,13.34,14.04,13.31,2577,3838960.4,5.25,-4.1,-0.57,1.69
2024-03-06,920651,13.28,13.62,13.82,13.26,2034,3056368.87,4.2,2.1,0.28,1.33
2024-03-07,920651,13.62,13.12,13.82,13.1,4082,6060394.08,5.29,-3.67,-0.5,2.67
2024-03-08,920651,13.39,13.07,13.46,13.06,2012,2932534.44,3.05,-0.38,-0.05,1.32
2024-03-11,920651,12.9,13.1,13.19,12.75,4536,6499628.42,3.37,0.23,0.03,2.97
2024-03-12,920651,12.99,13.01,13.32,12.95,2600,3762981.37,2.82,-0.69,-0.09,1.7
2024-03-13,920651,13.07,12.85,13.26,12.75,3676,5260084.17,3.92,-1.23,-0.16,2.41
2024-03-14,920651,12.97,12.65,13.0,12.52,5066,7158516.73,3.74,-1.56,-0.2,3.32
2024-03-15,920651,12.7,14.22,14.47,12.53,14744,22300864.64,15.34,12.41,1.57,9.65
2024-03-18,920651,14.36,14.15,14.9,13.55,14506,22595971.65,9.49,-0.49,-0.07,9.5
2024-03-19,920651,14.06,13.75,14.09,13.45,6253,9526579.18,4.52,-2.83,-0.4,4.09
2024-03-20,920651,13.64,13.68,13.89,13.57,4204,6355077.2,2.33,-0.51,-0.07,2.75
2024-03-21,920651,13.62,13.47,13.7,13.28,2242,3334520.6,3.07,-1.54,-0.21,1.47
2024-03-22,920651,13.41,13.23,13.58,13.08,1863,2735493.46,3.71,-1.78,-0.24,1.22
2024-03-25,920651,13.33,12.94,13.34,12.94,1814,2634481.17,3.02,-2.19,-0.29,1.19
2024-03-26,920651,13.11,12.84,13.29,12.75,1983,2838329.83,4.17,-0.77,-0.1,1.3
2024-03-27,920651,12.85,12.83,13.5,12.82,2067,3003744.57,5.3,-0.08,-0.01,1.35
2024-03-28,920651,12.72,12.82,13.2,12.63,3078,4413403.17,4.44,-0.08,-0.01,2.02
2024-03-29,920651,12.81,13.26,13.5,12.8,2613,3777762.38,5.46,3.43,0.44,1.71
2024-04-01,920651,13.16,13.32,13.46,13.16,1210,1777542.13,2.26,0.45,0.06,0.79
2024-04-02,920651,13.24,13.21,13.38,13.06,1450,2113207.57,2.4,-0.83,-0.11,0.95
2024-04-03,920651,13.14,13.05,13.3,13.05,1029,1492725.95,1.89,-1.21,-0.16,0.67
2024-04-08,920651,12.96,12.64,13.26,12.61,1228,1741904.41,4.98,-3.14,-0.41,0.8
2024-04-09,920651,12.63,12.76,12.87,12.62,1067,1505176.83,1.98,0.95,0.12,0.7
2024-04-10,920651,12.65,13.02,13.46,12.65,2781,4048975.31,6.35,2.04,0.26,1.82
2024-04-11,920651,13.02,12.9,13.02,12.83,1183,1691321.89,1.46,-0.92,-0.12,0.77
2024-04-12,920651,12.81,12.89,13.22,12.8,993,1420278.1,3.26,-0.08,-0.01,0.65
2024-04-15,920651,12.76,12.73,12.96,12.56,3515,4970764.65,3.1,-1.24,-0.16,2.3
2024-04-16,920651,12.9,12.25,12.9,12.22,3663,5076354.93,5.34,-3.77,-0.48,2.4
2024-04-17,920651,12.46,12.97,12.99,12.38,2503,3560914.19,4.98,5.88,0.72,1.64
2024-04-18,920651,13.06,13.07,13.42,12.82,3174,4636262.39,4.63,0.77,0.1,2.08
2024-04-19,920651,12.88,12.98,13.1,12.74,614,876477.98,2.75,-0.69,-0.09,0.4
2024-04-22,920651,12.83,12.7,12.94,12.52,1965,2771610.74,3.24,-2.16,-0.28,1.29
2024-04-23,920651,12.8,12.9,12.97,12.66,1138,1613359.61,2.44,1.57,0.2,0.74
2024-04-24,920651,12.81,13.12,13.19,12.8,1054,1521418.79,3.02,1.71,0.22,0.69
2024-04-25,920651,13.18,13.18,13.23,12.92,1203,1745775.11,2.36,0.46,0.06,0.79
2024-04-26,920651,13.24,13.48,13.49,13.04,3590,5289339.26,3.41,2.28,0.3,2.35
2024-04-29,920651,13.49,13.0,13.7,12.98,5291,7724439.98,5.34,-3.56,-0.48,3.46
2024-04-30,920651,12.62,12.75,12.82,12.52,6867,9674430.6,2.31,-1.92,-0.25,4.5
2024-05-06,920651,12.75,12.57,12.99,12.49,5250,7365040.12,3.92,-1.41,-0.18,3.44
2024-05-07,920651,12.71,12.54,12.72,12.47,1199,1673072.77,1.99,-0.24,-0.03,0.79
2024-05-08,920651,12.48,12.49,12.66,12.45,1945,2712050.9,1.67,-0.4,-0.05,1.27
2024-05-09,920651,12.41,12.54,12.6,12.41,1364,1899164.2,1.52,0.4,0.05,0.89
2024-05-10,920651,12.58,12.5,12.65,12.38,2328,3238480.48,2.15,-0.32,-0.04,1.52
2024-05-13,920651,12.5,12.91,13.18,12.4,4924,7039338.79,6.24,3.28,0.41,3.22
2024-05-14,920651,13.02,12.71,13.03,12.61,2250,3185615.37,3.25,-1.55,-0.2,1.47
2024-05-15,920651,12.67,12.6,12.82,12.46,1300,1825111.98,2.83,-0.87,-0.11,0.85
2024-05-16,920651,12.57,12.59,12.71,12.53,365,511372.85,1.43,-0.08,-0.01,0.24
2024-05-17,920651,12.71,12.92,13.44,12.55,2383,3403344.34,7.07,2.62,0.33,1.56
2024-05-20,920651,12.94,13.1,13.37,12.74,2476,3580419.42,4.88,1.39,0.18,1.62
2024-05-21,920651,13.1,13.05,13.24,12.95,1052,1518405.93,2.21,-0.38,-0.05,0.69
2024-05-22,920651,13.12,13.32,13.37,12.87,1357,1981425.62,3.83,2.07,0.27,0.89
2024-05-23,920651,13.46,13.75,13.97,13.11,7821,11801225.11,6.46,3.23,0.43,5.12
2024-05-24,920651,13.8,13.62,14.05,13.5,5676,8658931.26,4.0,-0.95,-0.13,3.72
2024-05-27,920651,13.57,13.31,13.57,13.17,1482,2173374.57,2.94,-2.28,-0.31,0.97
2024-05-28,920651,13.23,13.2,13.68,13.01,2365,3462656.02,5.03,-0.83,-0.11,1.55
2024-05-29,920651,13.12,13.33,13.4,13.11,972,1426769.68,2.2,0.98,0.13,0.64
2024-05-30,920651,13.31,13.34,13.69,13.2,1089,1614046.89,3.68,0.08,0.01,0.71
2024-05-31,920651,13.17,13.3,13.42,13.02,1126,1639707.01,3.0,-0.3,-0.04,0.74
2024-06-03,920651,13.11,13.17,13.58,13.0,1563,2293384.33,4.36,-0.98,-0.13,1.02
2024-06-04,920651,13.31,13.46,13.83,13.18,2550,3780985.01,4.94,2.2,0.29,1.67
2024-06-05,920651,13.46,13.21,13.55,13.2,1243,1836698.36,2.6,-1.86,-0.25,0.81
2024-06-06,920651,13.21,12.96,13.35,12.8,2561,3672436.92,4.16,-1.89,-0.25,1.68
2024-06-07,920651,13.08,12.77,13.08,12.68,1318,1781581.61,3.09,-1.47,-0.19,0.86
2024-06-11,920651,12.9,12.8,13.0,12.46,657,881348.29,4.23,0.23,0.03,0.43
2024-06-12,920651,12.71,12.83,13.1,12.7,719,978524.34,3.13,0.23,0.03,0.47
2024-06-13,920651,12.81,12.94,12.98,12.7,732,986824.93,2.18,0.86,0.11,0.48
2024-06-14,920651,12.85,13.17,13.8,12.75,995,1369354.49,8.11,1.78,0.23,0.65
2024-06-17,920651,13.0,13.31,13.54,13.0,903,1262122.6,4.1,1.06,0.14,0.59
2024-06-18,920651,13.31,13.3,13.47,13.17,458,642054.62,2.25,-0.08,-0.01,0.3
2024-06-19,920651,13.48,13.42,13.6,13.23,2363,3341305.32,2.78,0.9,0.12,1.55
2024-06-20,920651,13.59,13.37,13.59,13.2,1134,1589636.19,2.91,-0.37,-0.05,0.74
2024-06-21,920651,13.23,13.6,13.7,13.23,2789,3973717.49,3.52,1.72,0.23,1.83
2024-06-24,920651,13.88,13.49,13.88,13.4,1491,2136106.73,3.53,-0.81,-0.11,0.98
2024-06-25,920651,13.58,13.55,13.88,13.37,1943,2783473.12,3.78,0.44,0.06,1.27
2024-06-26,920651,13.68,13.75,13.86,13.31,2114,3025061.08,4.06,1.48,0.2,1.38
2024-06-27,920651,13.83,13.46,13.83,13.42,934,1327949.3,2.98,-2.11,-0.29,0.61
2024-06-28,920651,13.6,13.26,13.6,13.25,1522,2145687.42,2.6,-1.49,-0.2,1.0
2024-07-01,920651,13.14,13.13,13.21,12.82,1910,2613857.42,2.94,-0.98,-0.13,1.25
2024-07-02,920651,13.23,13.0,13.23,12.9,545,746766.68,2.51,-0.99,-0.13,0.36
2024-07-03,920651,13.11,12.7,13.11,12.64,1238,1660621.95,3.62,-2.31,-0.3,0.81
2024-07-04,920651,12.81,12.55,12.94,12.45,576,764829.71,3.86,-1.18,-0.15,0.38
2024-07-05,920651,12.63,12.54,12.64,12.3,455,601026.47,2.71,-0.08,-0.01,0.3
2024-07-08,920651,12.64,12.34,12.66,12.07,845,1098956.21,4.7,-1.59,-0.2,0.55
2024-07-09,920651,12.45,12.44,12.45,11.94,642,830452.58,4.13,0.81,0.1,0.42
2024-07-10,920651,12.54,12.45,12.69,12.3,600,789529.08,3.14,0.08,0.01,0.39
2024-07-11,920651,12.48,12.46,12.58,12.2,1773,2316978.1,3.05,0.08,0.01,1.16
2024-07-12,920651,12.54,12.3,12.56,12.2,517,672671.01,2.89,-1.28,-0.16,0.34
2024-07-15,920651,12.41,12.13,12.41,12.02,537,687525.46,3.17,-1.38,-0.17,0.35
2024-07-16,920651,12.22,12.4,12.4,11.81,1215,1565711.29,4.86,2.23,0.27,0.8
2024-07-17,920651,12.41,13.27,13.44,12.35,3573,4938123.13,8.79,7.02,0.87,2.34
2024-07-18,920651,13.39,13.2,13.68,13.01,3559,5039130.98,5.05,-0.53,-0.07,2.33
2024-07-19,920651,12.97,12.61,13.3,12.5,2505,3417603.56,6.06,-4.47,-0.59,1.64
2024-07-22,920651,12.5,12.42,12.5,12.24,1389,1811693.79,2.06,-1.51,-0.19,0.91
2024-07-23,920651,12.55,12.18,12.78,12.14,1302,1698880.44,5.15,-1.93,-0.24,0.85
2024-07-24,920651,12.18,12.12,12.28,12.0,731,932555.55,2.3,-0.49,-0.06,0.48
2024-07-25,920651,12.03,12.19,12.34,11.93,668,861487.63,3.38,0.58,0.07,0.44
2024-07-26,920651,12.19,12.23,12.37,12.19,764,991137.0,1.48,0.33,0.04,0.5
2024-07-29,920651,12.32,12.29,12.35,12.13,569,737813.01,1.8,0.49,0.06,0.37
2024-07-30,920651,12.25,12.24,12.49,12.05,1884,2434014.82,3.58,-0.41,-0.05,1.23
2024-07-31,920651,12.19,12.36,12.53,12.06,1739,2270582.75,3.84,0.98,0.12,1.14
2024-08-01,920651,12.43,12.13,12.43,12.1,1460,1887712.8,2.67,-1.86,-0.23,0.96
2024-08-02,920651,12.24,12.11,12.24,12.05,594,760105.57,1.57,-0.16,-0.02,0.39
2024-08-05,920651,12.09,12.01,12.24,12.01,1061,1360667.99,1.9,-0.83,-0.1,0.69
2024-08-06,920651,12.01,12.08,12.08,11.91,715,906300.86,1.42,0.58,0.07,0.47
2024-08-07,920651,12.01,12.09,12.18,12.01,347,443541.1,1.41,0.08,0.01,0.23
2024-08-08,920651,12.09,12.11,12.16,12.01,220,281418.96,1.24,0.17,0.02,0.14
2024-08-09,920651,12.04,12.07,12.1,12.02,339,432898.0,0.66,-0.33,-0.04,0.22
2024-08-12,920651,12.07,11.96,12.09,11.86,346,439586.63,1.91,-0.91,-0.11,0.23
2024-08-13,920651,11.96,12.17,12.25,11.92,1497,1913161.13,2.76,1.76,0.21,0.98
2024-08-14,920651,12.29,12.21,12.29,12.03,404,518735.54,2.14,0.33,0.04,0.26
2024-08-15,920651,12.27,12.22,12.27,12.1,265,341783.28,1.39,0.08,0.01,0.17
2024-08-16,920651,12.32,12.25,12.32,12.08,689,886584.72,1.96,0.25,0.03,0.45
2024-08-19,920651,12.2,12.04,12.51,12.04,1181,1524333.79,3.84,-1.71,-0.21,0.77
2024-08-20,920651,12.21,12.04,12.21,11.81,1321,1673310.17,3.32,0.0,0.0,0.87
2024-08-21,920651,12.29,11.65,12.29,11.31,2052,2556963.86,8.14,-3.24,-0.39,1.34
2024-08-22,920651,11.75,11.58,11.75,11.42,659,807401.15,2.83,-0.6,-0.07,0.43
2024-08-23,920651,11.68,11.42,11.7,11.35,630,764786.25,3.02,-1.38,-0.16,0.41
2024-08-26,920651,11.54,11.48,11.54,11.36,431,520474.19,1.58,0.53,0.06,0.28
2024-08-27,920651,11.4,11.39,11.54,11.23,835,1007255.08,2.7,-0.78,-0.09,0.55
2024-08-28,920651,11.31,11.37,11.49,11.25,662,795227.6,2.11,-0.18,-0.02,0.43
2024-08-29,920651,11.46,11.29,11.46,11.21,2125,2547123.79,2.2,-0.7,-0.08,1.39
2024-08-30,920651,11.12,11.32,11.5,11.12,3103,3745812.33,3.37,0.27,0.03,2.03
2024-09-02,920651,11.26,10.99,11.32,10.85,1552,1829220.71,4.15,-2.92,-0.33,1.02
2024-09-03,920651,11.0,10.94,11.18,10.92,602,706339.93,2.37,-0.45,-0.05,0.39
2024-09-04,920651,10.84,10.92,11.02,10.84,322,375620.25,1.65,-0.18,-0.02,0.21
2024-09-05,920651,10.88,11.0,11.07,10.88,379,443781.66,1.74,0.73,0.08,0.25
2024-09-06,920651,10.98,10.73,11.05,10.72,362,418154.07,3.0,-2.45,-0.27,0.24
2024-09-09,920651,10.68,10.42,10.7,10.28,2705,3030546.59,3.91,-2.89,-0.31,1.77
2024-09-10,920651,10.51,10.16,10.51,10.0,2675,2936482.82,4.89,-2.5,-0.26,1.75
2024-09-11,920651,10.11,9.85,10.24,9.85,616,660592.94,3.84,-3.05,-0.31,0.4
2024-09-12,920651,9.87,9.93,9.97,9.8,671,709220.2,1.73,0.81,0.08,0.44
2024-09-13,920651,9.9,10.1,10.31,9.76,1684,1804722.27,5.54,1.71,0.17,1.1
2024-09-18,920651,10.02,10.51,10.51,9.95,2146,2374088.87,5.54,4.06,0.41,1.4
2024-09-19,920651,10.62,10.68,10.81,10.47,1191,1339008.77,3.24,1.62,0.17,0.78
2024-09-20,920651,10.64,10.54,10.64,10.43,488,546536.11,1.97,-1.31,-0.14,0.32
2024-09-23,920651,10.49,10.49,10.56,10.39,638,710242.49,1.61,-0.47,-0.05,0.42
2024-09-24,920651,10.49,10.6,10.68,10.31,1196,1345472.32,3.53,1.05,0.11,0.78
2024-09-25,920651,10.65,10.53,10.79,10.42,3485,3965110.03,3.49,-0.66,-0.07,2.28
2024-09-26,920651,10.67,10.72,10.79,10.32,2523,2837072.18,4.46,1.8,0.19,1.65
2024-09-27,920651,10.88,11.54,11.75,10.88,3395,4090066.34,8.12,7.65,0.82,2.22
2024-09-30,920651,12.05,13.75,13.75,12.05,19005,26494414.08,14.73,19.15,2.21,12.44
2024-10-08,920651,17.1,16.76,17.8,14.0,35386,58268248.73,27.64,21.89,3.01,23.17
2024-10-09,920651,15.76,13.73,15.76,13.7,16066,24735834.49,12.29,-18.08,-3.03,10.52
2024-10-10,920651,13.73,13.37,14.2,13.2,10565,15172503.0,7.28,-2.62,-0.36,6.92
2024-10-11,920651,13.14,12.53,13.44,12.3,6043,8146386.23,8.53,-6.28,-0.84,3.96
2024-10-14,920651,12.66,13.17,13.5,12.38,5396,7405909.71,8.94,5.11,0.64,3.53
2024-10-15,920651,13.11,12.93,13.74,12.79,6304,8812421.08,7.21,-1.82,-0.24,4.13
2024-10-16,920651,12.93,13.37,13.48,12.38,5093,6994875.23,8.51,3.4,0.44,3.33
2024-10-17,920651,13.46,13.7,14.66,13.3,12630,18687932.94,10.17,2.47,0.33,8.27
2024-10-18,920651,13.56,14.43,14.73,13.48,15952,23916573.69,9.12,5.33,0.73,10.44
2024-10-21,920651,14.61,18.15,18.6,14.61,37225,63131897.69,27.65,25.78,3.72,24.37
2024-10-22,920651,17.46,15.52,17.46,15.17,28698,48140698.55,12.62,-14.49,-2.63,18.79
2024-10-23,920651,15.49,16.03,16.49,15.2,13971,23131510.54,8.31,3.29,0.51,9.15
2024-10-24,920651,16.15,16.64,16.97,15.73,18420,31613424.68,7.74,3.81,0.61,12.06
2024-10-25,920651,16.84,16.91,18.16,16.81,29959,54556709.36,8.11,1.62,0.27,19.61
2024-10-28,920651,16.66,18.81,20.81,16.11,28650,53254401.23,27.79,11.24,1.9,18.76
2024-10-29,920651,19.0,19.55,19.79,18.3,29960,59693500.33,7.92,3.93,0.74,19.61
2024-10-30,920651,20.1,19.16,20.63,18.18,22712,45514142.6,12.53,-1.99,-0.39,14.87
2024-10-31,920651,19.2,17.95,19.52,17.51,16404,31338536.64,10.49,-6.32,-1.21,10.74
2024-11-01,920651,17.9,17.7,19.7,17.5,20766,40274956.27,12.26,-1.39,-0.25,13.59
2024-11-04,920651,17.97,18.65,18.78,16.97,16521,30911825.03,10.23,5.37,0.95,10.82
2024-11-05,920651,18.69,20.65,20.65,18.69,21824,44479168.28,10.51,10.72,2.0,14.29
2024-11-06,920651,21.06,22.3,26.42,20.74,38879,92969597.13,27.51,7.99,1.65,25.45
2024-11-07,920651,21.9,23.2,24.15,21.42,28004,66275586.35,12.24,4.04,0.9,18.33
2024-11-08,920651,22.63,21.5,23.92,20.89,19900,46000638.06,13.06,-7.33,-1.7,13.03
2024-11-11,920651,21.41,20.86,21.9,19.79,16025,33996178.93,9.81,-2.98,-0.64,10.49
2024-11-12,920651,20.99,21.7,22.75,20.95,17097,38423646.95,8.63,4.03,0.84,11.19
2024-11-13,920651,21.27,21.85,22.09,20.25,13515,29315308.98,8.48,0.69,0.15,8.85
2024-11-14,920651,22.07,22.05,23.8,21.1,18113,41607834.02,12.36,0.92,0.2,11.86
2024-11-15,920651,21.83,24.49,24.49,21.22,29341,70093943.67,14.83,11.07,2.44,19.21
2024-11-18,920651,24.6,23.18,25.95,22.96,27210,67916864.97,12.21,-5.35,-1.31,17.81
2024-11-19,920651,23.3,21.35,23.3,19.38,25382,54931400.15,16.91,-7.89,-1.83,16.62
2024-11-20,920651,21.35,22.27,22.48,20.65,15148,34009429.27,8.57,4.31,0.92,9.92
2024-11-21,920651,22.21,24.39,24.98,21.87,24057,57699420.72,13.96,9.52,2.12,15.75
2024-11-22,920651,24.3,31.91,31.91,23.71,90069,275511770.75,33.62,30.83,7.52,58.97
2024-11-25,920651,31.91,30.5,33.8,28.72,63630,201424805.09,15.92,-4.42,-1.41,41.66
2024-11-26,920651,29.78,27.16,29.78,26.8,31970,91583219.03,9.77,-10.95,-3.34,20.93
2024-11-27,920651,27.6,28.32,28.6,26.07,28902,81714905.69,9.32,4.27,1.16,18.92
2024-11-28,920651,28.32,28.33,30.09,27.2,33204,96866973.76,10.2,0.04,0.01,21.74
2024-11-29,920651,28.58,28.6,29.72,26.49,26906,76206213.22,11.4,0.95,0.27,17.61
2024-12-02,920651,28.37,28.83,29.3,27.86,20515,60201347.38,5.03,0.8,0.23,13.43
2024-12-03,920651,28.18,29.3,29.3,28.07,20328,59599100.02,4.27,1.63,0.47,13.31
2024-12-04,920651,28.8,30.69,32.52,28.32,30650,95429788.89,14.33,4.74,1.39,20.07
2024-12-05,920651,30.18,31.68,31.87,28.32,25156,77334591.67,11.57,3.23,0.99,16.47
2024-12-06,920651,31.87,28.93,31.87,28.81,17680,54464145.99,9.66,-8.68,-2.75,11.57
2024-12-09,920651,28.93,26.47,28.93,25.71,17102,47014927.16,11.13,-8.5,-2.46,11.2
2024-12-10,920651,27.45,26.61,28.45,25.93,15053,42095568.82,9.52,0.53,0.14,9.85
2024-12-11,920651,26.81,25.3,26.81,24.52,14048,36507281.07,8.61,-4.92,-1.31,9.2
2024-12-12,920651,25.04,24.43,25.24,23.51,12677,31470871.84,6.84,-3.44,-0.87,8.3
2024-12-13,920651,24.18,25.2,26.18,23.56,8105,20718225.15,10.72,3.15,0.77,5.31
2024-12-16,920651,25.16,24.6,25.41,24.3,4436,11313101.82,4.4,-2.38,-0.6,2.9
2024-12-17,920651,24.6,25.4,26.28,23.48,7998,20197108.95,11.38,3.25,0.8,5.24
2024-12-18,920651,25.38,25.6,26.1,24.79,11190,29409008.69,5.16,0.79,0.2,7.33
2024-12-19,920651,25.34,27.03,27.25,23.8,16144,43514079.61,13.48,5.59,1.43,10.57
2024-12-20,920651,27.04,26.2,27.79,25.82,13062,35582182.92,7.29,-3.07,-0.83,8.55
2024-12-23,920651,25.93,26.27,26.78,24.31,13473,35557830.01,9.43,0.27,0.07,8.82
2024-12-24,920651,26.01,26.1,26.46,25.37,7714,20491682.35,4.15,-0.65,-0.17,5.05
2024-12-25,920651,26.26,24.27,26.26,23.3,10212,25612112.77,11.34,-7.01,-1.83,6.69
2024-12-26,920651,24.18,24.07,24.73,23.38,5564,13747869.97,5.56,-0.82,-0.2,3.64
2024-12-27,920651,24.25,24.3,24.32,23.3,5149,12546361.7,4.24,0.96,0.23,3.37
2024-12-30,920651,24.0,23.74,24.0,22.91,4646,11219642.76,4.49,-2.3,-0.56,3.04
2024-12-31,920651,23.51,24.05,24.18,23.31,4429,10875802.96,3.66,1.31,0.31,2.9
2025-01-02,920651,23.9,24.02,24.32,23.39,3542,8700158.27,3.87,-0.12,-0.03,2.32
2025-01-03,920651,24.08,23.9,24.22,23.71,2433,5984668.58,2.12,-0.5,-0.12,1.59
2025-01-06,920651,24.0,24.1,24.17,23.3,2467,6063281.64,3.64,0.84,0.2,1.62
2025-01-07,920651,23.86,24.15,24.2,23.36,4120,10095121.95,3.49,0.21,0.05,2.7
2025-01-08,920651,24.28,24.29,24.3,23.61,2505,6195184.73,2.86,0.58,0.14,1.64
2025-01-09,920651,24.29,27.07,27.1,23.9,13617,36011934.76,13.17,11.45,2.78,8.91
2025-01-10,920651,26.3,27.3,28.1,25.5,15652,43130567.45,9.6,0.85,0.23,10.25
2025-01-13,920651,27.01,25.4,27.54,24.81,10860,28810178.46,10.0,-6.96,-1.9,7.11
2025-01-14,920651,25.4,26.91,27.1,24.65,56572,151571925.0,9.65,5.94,1.51,37.04
2025-01-15,920651,26.31,24.4,26.35,24.25,51254,133171108.79,7.8,-9.33,-2.51,33.55
2025-01-16,920651,24.3,23.52,25.09,22.98,34268,84153521.96,8.65,-3.61,-0.88,22.43
2025-01-17,920651,23.48,21.75,23.48,21.6,29181,67157230.54,7.99,-7.53,-1.77,19.1
2025-01-20,920651,21.96,21.9,22.05,21.54,13448,30236077.35,2.34,0.69,0.15,8.8
2025-01-21,920651,22.23,21.41,22.24,21.38,11002,24530567.27,3.93,-2.24,-0.49,7.2
2025-01-22,920651,21.56,20.45,21.56,20.35,13457,28722523.86,5.65,-4.48,-0.96,8.81
2025-01-23,920651,20.74,20.31,21.15,20.31,12162,26033985.54,4.11,-0.68,-0.14,7.96
2025-01-24,920651,19.95,20.3,20.49,19.84,9038,18917866.29,3.2,-0.05,-0.01,5.92
2025-01-27,920651,20.4,19.45,20.6,19.45,7965,16405761.32,5.67,-4.19,-0.85,5.21
2025-02-05,920651,19.68,18.8,19.68,18.8,9001,17757874.88,4.52,-3.34,-0.65,5.89
2025-02-06,920651,18.9,19.66,19.67,18.68,16232,32479379.05,5.27,4.57,0.86,10.63
2025-02-07,920651,19.66,20.5,20.74,19.46,22745,47448535.07,6.51,4.27,0.84,14.89
2025-02-10,920651,20.48,20.93,20.98,20.21,15327,32668025.78,3.76,2.1,0.43,10.03
2025-02-11,920651,21.11,21.6,21.92,20.65,24649,54464947.89,6.07,3.2,0.67,16.14
2025-02-12,920651,21.65,21.98,22.01,21.32,20146,45204820.67,3.19,1.76,0.38,13.19
2025-02-13,920651,21.98,21.0,22.2,20.22,15491,34406498.86,9.01,-4.46,-0.98,10.14
2025-02-14,920651,21.0,20.5,21.16,20.48,11028,23585308.47,3.24,-2.38,-0.5,7.22
2025-02-17,920651,20.6,20.83,21.15,20.52,11455,24599944.65,3.07,1.61,0.33,7.5
2025-02-18,920651,20.8,20.88,21.87,20.72,23260,51303482.24,5.52,0.24,0.05,15.23
2025-02-19,920651,20.74,21.22,21.24,20.62,12260,26586886.23,2.97,1.63,0.34,8.03
2025-02-20,920651,21.3,22.08,22.1,21.1,20915,46780775.46,4.71,4.05,0.86,13.69
2025-02-21,920651,21.86,22.31,22.48,21.45,19378,43958447.21,4.66,1.04,0.23,12.69
2025-02-24,920651,23.29,21.86,23.29,21.82,15685,36090418.51,6.59,-2.02,-0.45,10.27
2025-02-25,920651,21.64,21.48,22.07,21.21,7979,17847192.92,3.93,-1.74,-0.38,5.22
2025-02-26,920651,21.34,21.75,22.0,21.34,7970,17855523.25,3.07,1.26,0.27,5.22
2025-02-27,920651,21.92,22.2,22.3,21.61,12355,28086197.6,3.17,2.07,0.45,8.09
2025-02-28,920651,23.73,24.5,25.65,23.26,55930,140736169.88,10.77,10.36,2.3,36.62
2025-03-03,920651,24.45,26.88,27.96,23.3,51625,136903197.09,19.02,9.71,2.38,33.8
2025-03-04,920651,26.36,28.5,29.25,24.88,46398,126770982.12,16.26,6.03,1.62,30.38
2025-03-05,920651,28.19,27.58,31.29,26.98,53434,158216285.31,15.12,-3.23,-0.92,34.98
2025-03-06,920651,27.35,26.5,27.8,25.95,37835,103873572.96,6.71,-3.92,-1.08,24.77
2025-03-07,920651,25.56,28.29,28.8,25.56,40060,113505202.13,12.23,6.75,1.79,26.23
2025-03-10,920651,28.1,27.82,28.69,26.89,28066,79686085.42,6.36,-1.66,-0.47,18.37
2025-03-11,920651,27.3,28.4,28.5,26.59,22049,62315677.86,6.87,2.08,0.58,14.43
2025-03-12,920651,28.41,28.9,29.45,27.87,26022,76830056.46,5.56,1.76,0.5,17.04
2025-03-13,920651,28.61,29.16,29.5,27.88,21306,62357103.2,5.61,0.9,0.26,13.95
2025-03-14,920651,29.51,30.32,31.9,29.51,32015,100278300.31,8.2,3.98,1.16,20.96
2025-03-17,920651,31.35,30.96,33.38,30.38,27080,87608430.46,9.89,2.11,0.64,17.73
2025-03-18,920651,32.0,34.35,36.68,31.3,50281,174342992.89,17.38,10.95,3.39,32.92
2025-03-19,920651,33.06,29.06,33.06,28.86,44488,139892385.85,12.23,-15.4,-5.29,29.13
2025-03-20,920651,28.77,27.58,29.2,27.52,27008,78321284.92,5.78,-5.09,-1.48,17.68
2025-03-21,920651,27.89,27.33,28.0,26.31,20371,56541860.97,6.13,-0.91,-0.25,13.34
2025-03-24,920651,27.33,27.61,27.61,25.96,13415,36970717.97,6.04,1.02,0.28,8.78
2025-03-25,920651,27.65,29.53,29.63,27.08,22985,67224904.57,9.24,6.95,1.92,15.05
2025-03-26,920651,29.98,28.99,30.49,28.63,16140,48523595.45,6.3,-1.83,-0.54,10.57
2025-03-27,920651,28.98,30.65,31.9,28.1,30916,96033046.28,13.11,5.73,1.66,20.24
2025-03-28,920651,30.18,27.35,30.3,27.3,24556,72624872.34,9.79,-10.77,-3.3,16.08
2025-03-31,920651,27.4,27.72,28.28,26.23,14643,40444291.19,7.5,1.35,0.37,9.59
2025-04-01,920651,27.6,28.18,28.96,27.51,13046,37855776.68,5.23,1.66,0.46,8.54
2025-04-02,920651,28.29,28.16,28.99,27.97,8404,24513490.58,3.62,-0.07,-0.02,5.5
2025-04-03,920651,27.79,28.82,29.08,27.79,11468,33513287.26,4.58,2.34,0.66,7.51
2025-04-07,920651,27.3,22.99,27.3,21.41,20763,51857015.62,20.44,-20.23,-5.83,13.59
2025-04-08,920651,23.33,24.09,24.45,23.21,15246,37458757.25,5.39,4.78,1.1,9.98
2025-04-09,920651,23.54,26.37,26.62,23.13,19550,50775160.91,14.49,9.46,2.28,12.8
2025-04-10,920651,26.52,26.91,28.79,26.52,20542,58327670.47,8.61,2.05,0.54,13.45
2025-04-11,920651,26.65,27.17,27.99,26.64,13172,37059654.98,5.02,0.97,0.26,8.62
2025-04-14,920651,27.6,27.95,28.75,27.46,12587,36099710.4,4.75,2.87,0.78,8.24
2025-04-15,920651,27.96,29.23,29.46,27.21,20414,59780293.26,8.05,4.58,1.28,13.36
2025-04-16,920651,29.8,28.5,31.28,28.0,22163,66889100.46,11.22,-2.5,-0.73,14.51
2025-04-17,920651,28.05,29.8,30.37,27.83,20268,61113514.93,8.91,4.56,1.3,13.27
2025-04-18,920651,30.1,29.98,30.4,29.32,17758,54362872.05,3.62,0.6,0.18,11.63
2025-04-21,920651,30.19,30.6,31.04,29.39,15849,48864473.46,5.5,2.07,0.62,10.38
2025-04-22,920651,30.4,31.3,32.32,30.29,28458,91668406.01,6.63,2.29,0.7,18.63
2025-04-23,920651,31.45,30.9,32.15,30.7,21588,69337294.26,4.63,-1.28,-0.4,14.13
2025-04-24,920651,30.55,29.94,30.89,28.3,22194,67427269.09,8.38,-3.11,-0.96,14.53
2025-04-25,920651,29.89,29.03,31.26,29.0,18067,55214930.89,7.55,-3.04,-0.91,11.83
2025-04-28,920651,28.74,28.27,29.26,27.84,13082,37981227.48,4.89,-2.62,-0.76,8.56
2025-04-29,920651,27.97,29.07,29.17,27.6,11399,33554718.37,5.55,2.83,0.8,7.46
2025-04-30,920651,29.14,29.18,29.78,29.01,11986,35915675.7,2.65,0.38,0.11,7.85
2025-05-06,920651,29.29,30.0,30.0,29.21,13493,40917657.95,2.71,2.81,0.82,8.83
2025-05-07,920651,30.43,29.63,30.54,29.23,14961,45882492.46,4.37,-1.23,-0.37,9.79
2025-05-08,920651,29.63,29.64,30.08,29.3,10899,33044968.05,2.63,0.03,0.01,7.14
2025-05-09,920651,29.8,29.48,29.8,28.9,11357,34165424.04,3.04,-0.54,-0.16,7.44
2025-05-12,920651,29.77,29.89,30.14,29.35,10890,33059932.0,2.68,1.39,0.41,7.13
2025-05-13,920651,30.13,29.16,30.5,29.11,10255,31046165.28,4.65,-2.44,-0.73,6.71
2025-05-14,920651,29.3,29.02,29.3,28.4,8228,24240734.27,3.09,-0.48,-0.14,5.39
2025-05-15,920651,29.1,29.35,29.8,28.88,9663,29099675.9,3.17,1.14,0.33,6.33
2025-05-16,920651,29.5,29.58,30.13,29.12,10803,32828614.3,3.44,0.78,0.23,7.07
2025-05-19,920651,29.31,29.46,29.59,28.61,6076,18117346.19,3.31,-0.41,-0.12,3.98
2025-05-20,920651,29.58,30.67,30.9,29.38,21448,66805768.54,5.16,4.11,1.21,14.04
2025-05-21,920651,31.79,30.65,32.25,30.11,20829,66181784.04,6.98,-0.07,-0.02,13.64
2025-05-22,920651,30.5,28.86,30.95,28.41,16417,49441950.54,8.29,-5.84,-1.79,10.75
2025-05-23,920651,28.85,28.14,29.26,28.03,9774,28689905.78,4.26,-2.49,-0.72,6.4
2025-05-26,920651,28.25,28.75,28.76,27.95,6214,18074043.04,2.88,2.17,0.61,4.07
2025-05-27,920651,29.0,29.21,29.9,28.55,11943,35903019.88,4.7,1.6,0.46,7.82
2025-05-28,920651,29.5,29.37,30.02,28.88,7889,23768911.3,3.9,0.55,0.16,5.16
2025-05-29,920651,29.27,30.29,30.52,29.24,11827,36416696.02,4.36,3.13,0.92,7.74
2025-05-30,920651,30.17,29.2,30.31,29.11,7776,22963102.05,3.96,-3.6,-1.09,5.09
2025-06-03,920651,28.91,29.64,29.75,28.51,5875,17174215.97,4.25,1.51,0.44,3.85
2025-06-04,920651,29.97,29.47,30.0,29.39,5574,16516217.64,2.06,-0.57,-0.17,3.65
2025-06-05,920651,29.65,29.53,29.67,29.23,4906,14468996.75,1.49,0.2,0.06,3.21
2025-06-06,920651,29.65,29.6,29.74,29.4,3734,11045291.56,1.15,0.24,0.07,2.44
2025-06-09,920651,29.75,29.65,29.81,29.46,5493,16286140.57,1.18,0.17,0.05,3.6
2025-06-10,920651,29.81,29.25,29.88,28.8,8075,23713959.0,3.64,-1.35,-0.4,5.29
2025-06-11,920651,29.48,30.18,30.62,29.15,10059,30231200.33,5.03,3.18,0.93,6.59
2025-06-12,920651,30.27,30.23,30.5,29.7,7931,23867950.58,2.65,0.17,0.05,5.19
2025-06-13,920651,30.02,30.41,30.96,30.02,15136,46421045.81,3.11,0.6,0.18,9.91
2025-06-16,920651,30.42,32.01,32.11,30.11,16891,52827421.82,6.58,5.26,1.6,11.06
2025-06-17,920651,32.33,30.95,32.36,30.68,12340,38562207.1,5.25,-3.31,-1.06,8.08
2025-06-18,920651,30.73,30.43,31.2,29.91,10518,31956695.97,4.17,-1.68,-0.52,6.89
2025-06-19,920651,30.56,29.09,30.66,29.01,8959,26629182.22,5.42,-4.4,-1.34,5.87
2025-06-20,920651,29.2,28.53,29.43,28.41,6449,18548443.74,3.51,-1.93,-0.56,4.22
2025-06-23,920651,28.78,29.09,29.2,28.1,3531,10147124.82,3.86,1.96,0.56,2.31
2025-06-24,920651,29.35,29.73,30.1,29.09,9529,28283237.16,3.47,2.2,0.64,6.24
2025-06-25,920651,29.86,30.19,30.35,29.32,11288,33659440.98,3.46,1.55,0.46,7.39
2025-06-26,920651,30.28,30.18,30.92,30.05,11262,34309161.21,2.88,-0.03,-0.01,7.37
2025-06-27,920651,30.19,30.3,30.79,30.12,7254,22027942.21,2.22,0.4,0.12,4.75
2025-06-30,920651,30.3,30.7,30.73,30.13,7364,22399562.07,1.98,1.32,0.4,4.82
2025-07-01,920651,30.69,30.7,30.97,30.42,8344,25570927.67,1.79,0.0,0.0,5.46
2025-07-02,920651,30.73,30.54,31.47,30.35,6076,18599853.34,3.65,-0.52,-0.16,3.98
2025-07-03,920651,30.63,31.01,31.15,30.25,10217,31354084.56,2.95,1.54,0.47,6.69
2025-07-04,920651,30.9,29.51,31.28,29.5,9800,29550151.19,5.74,-4.84,-1.5,6.42
2025-07-07,920651,29.57,29.74,29.87,29.06,3947,11663106.06,2.74,0.78,0.23,2.58
2025-07-08,920651,29.72,29.75,30.4,29.42,5800,17245691.44,3.3,0.03,0.01,3.8
2025-07-09,920651,29.8,30.2,30.25,29.11,9475,28342083.45,3.83,1.51,0.45,6.2
2025-07-10,920651,29.9,31.22,31.28,29.56,16427,50425653.31,5.7,3.38,1.02,10.75
2025-07-11,920651,31.69,30.14,32.09,30.1,16988,52675420.31,6.37,-3.46,-1.08,11.12
2025-07-14,920651,30.16,30.1,30.24,29.61,6837,20524318.05,2.09,-0.13,-0.04,4.48
2025-07-15,920651,30.15,29.95,30.28,29.22,5947,17735265.41,3.52,-0.5,-0.15,3.89
2025-07-16,920651,29.87,29.95,30.17,29.73,4255,12733880.54,1.47,0.0,0.0,2.79
2025-07-17,920651,30.05,29.86,30.2,29.75,4954,14828342.25,1.5,-0.3,-0.09,3.24
2025-07-18,920651,29.8,29.65,29.86,29.5,5487,16252282.86,1.21,-0.7,-0.21,3.59
2025-07-21,920651,29.78,30.3,30.58,29.58,8002,24175092.2,3.37,2.19,0.65,5.24
2025-07-22,920651,30.33,31.32,31.85,30.26,16197,50520024.27,5.25,3.37,1.02,10.6
2025-07-23,920651,31.26,33.51,38.18,31.22,50005,172888685.73,22.22,6.99,2.19,32.74
2025-07-24,920651,32.84,33.45,34.33,32.2,30812,101549436.22,6.36,-0.18,-0.06,20.17
2025-07-25,920651,33.3,31.9,33.3,31.56,19834,64118953.03,5.2,-4.63,-1.55,12.98
2025-07-28,920651,31.97,31.84,32.41,31.5,10468,33219248.99,2.85,-0.19,-0.06,6.85
2025-07-29,920651,31.95,31.7,31.97,31.5,8715,27624660.27,1.48,-0.44,-0.14,5.71
2025-07-30,920651,31.86,32.94,32.95,31.5,17436,56328782.54,4.57,3.91,1.24,11.42
2025-07-31,920651,33.0,31.45,33.0,31.37,13422,42887021.66,4.95,-4.52,-1.49,8.79
2025-08-01,920651,31.76,31.46,31.76,31.3,5642,17744232.59,1.46,0.03,0.01,3.69
2025-08-04,920651,31.52,31.42,31.7,31.17,4429,13874065.58,1.68,-0.13,-0.04,2.9
2025-08-05,920651,31.66,31.88,31.93,31.4,7203,22861219.03,1.69,1.46,0.46,4.72
2025-08-06,920651,31.91,31.84,32.39,31.6,8816,28182661.07,2.48,-0.13,-0.04,5.77
2025-08-07,920651,32.06,31.55,32.06,31.44,7333,23158350.28,1.95,-0.91,-0.29,4.8
2025-08-08,920651,31.55,31.52,31.74,31.09,5713,17944802.32,2.06,-0.1,-0.03,3.74
2025-08-11,920651,31.59,31.51,31.79,31.31,5342,16855898.57,1.52,-0.03,-0.01,3.5
2025-08-12,920651,31.41,31.1,31.6,31.09,5866,18335720.02,1.62,-1.3,-0.41,3.84
2025-08-13,920651,31.1,30.99,31.29,30.52,6155,19042033.89,2.48,-0.35,-0.11,4.03
2025-08-14,920651,30.89,30.02,31.07,29.9,8017,24403443.33,3.78,-3.13,-0.97,5.25
2025-08-15,920651,30.29,31.49,31.53,29.96,10420,32213155.84,5.23,4.9,1.47,6.82
2025-08-18,920651,31.42,33.37,33.95,31.41,17840,58658596.37,8.07,5.97,1.88,11.68
2025-08-19,920651,33.39,34.19,34.98,33.02,16695,56970528.67,5.87,2.46,0.82,10.93
2025-08-20,920651,34.19,33.98,34.45,32.87,11585,38930468.63,4.62,-0.61,-0.21,7.58
2025-08-21,920651,35.68,34.11,38.9,34.11,29772,107894965.16,14.1,0.38,0.13,19.49
2025-08-22,920651,33.6,34.06,34.69,33.51,16608,56335490.71,3.46,-0.15,-0.05,10.87
2025-08-25,920651,34.06,33.5,34.15,33.33,11377,38189077.4,2.41,-1.64,-0.56,7.45
2025-08-26,920651,33.82,33.34,33.99,33.03,6410,21329446.28,2.87,-0.48,-0.16,4.2
2025-08-27,920651,33.79,32.88,34.3,32.71,9959,33550908.55,4.77,-1.38,-0.46,6.52
2025-08-28,920651,33.2,33.47,33.47,32.12,9804,32314595.07,4.11,1.79,0.59,6.42
2025-08-29,920651,33.47,34.55,34.96,33.05,16236,55636428.43,5.71,3.23,1.08,10.63
2025-09-01,920651,34.78,34.16,34.78,33.43,11385,38562894.64,3.91,-1.13,-0.39,7.45
2025-09-02,920651,34.02,36.06,36.06,33.63,21681,76051662.7,7.11,5.56,1.9,14.19
2025-09-03,920651,36.3,33.59,36.32,33.36,17497,60229018.38,8.21,-6.85,-2.47,11.45
2025-09-04,920651,33.58,34.03,34.61,33.3,11037,37675652.4,3.9,1.31,0.44,7.23
2025-09-05,920651,34.03,36.56,36.93,33.9,23762,85515596.52,8.9,7.43,2.53,15.56
2025-09-08,920651,36.56,35.92,36.8,35.57,15701,56457978.0,3.36,-1.75,-0.64,10.28
2025-09-09,920651,35.93,35.48,36.07,34.68,9253,32580742.0,3.87,-1.22,-0.44,6.06
2025-09-10,920651,35.13,34.75,35.82,34.39,7674,26761514.99,4.03,-2.06,-0.73,5.02
2025-09-11,920651,34.75,35.68,35.77,34.38,8699,30651893.64,4.0,2.68,0.93,5.7
2025-09-12,920651,35.45,34.09,35.76,34.0,13799,47594143.24,4.93,-4.46,-1.59,9.03
2025-09-15,920651,34.55,34.25,34.55,33.52,6476,21929618.45,3.02,0.47,0.16,4.24
2025-09-16,920651,33.91,34.18,34.49,33.77,5415,18483055.34,2.1,-0.2,-0.07,3.55
2025-09-17,920651,34.38,35.7,36.38,34.22,19266,68282091.57,6.32,4.45,1.52,12.61
2025-09-18,920651,35.69,36.12,37.17,35.16,18489,66825912.83,5.63,1.18,0.42,12.1
2025-09-19,920651,35.93,38.24,38.47,35.21,30245,112862092.86,9.03,5.87,2.12,19.8
2025-09-22,920651,37.98,36.52,37.98,35.66,21331,78044902.05,6.07,-4.5,-1.72,13.97
2025-09-23,920651,36.6,35.82,36.6,34.61,11161,39496787.47,5.45,-1.92,-0.7,7.31
2025-09-24,920651,35.69,39.0,42.44,35.55,29260,114607133.96,19.24,8.88,3.18,19.16
2025-09-25,920651,38.62,37.47,38.62,36.45,19194,71466142.42,5.56,-3.92,-1.53,12.57
2025-09-26,920651,37.19,37.5,38.71,36.48,11431,42958206.56,5.95,0.08,0.03,7.48
2025-09-29,920651,37.52,38.32,38.71,36.58,10852,40999695.04,5.68,2.19,0.82,7.1
2025-09-30,920651,38.86,37.5,38.86,36.73,10475,39262185.11,5.56,-2.14,-0.82,6.86
2025-10-09,920651,37.16,37.08,37.5,35.72,9569,34769563.3,4.75,-1.12,-0.42,6.26
2025-10-10,920651,36.89,38.01,38.67,36.73,12691,48070194.13,5.23,2.51,0.93,8.31
2025-10-13,920651,34.47,36.71,37.41,34.47,6925,25316321.81,7.73,-3.42,-1.3,4.53
2025-10-14,920651,36.71,38.36,39.71,36.71,15346,59089174.41,8.17,4.49,1.65,10.05
2025-10-15,920651,38.36,40.22,40.8,37.89,21874,86451221.05,7.59,4.85,1.86,14.32
2025-10-16,920651,40.49,38.02,40.5,37.8,17037,66075585.55,6.71,-5.47,-2.2,11.15
2025-10-17,920651,38.0,41.1,43.57,37.38,34065,140646004.53,16.28,8.1,3.08,22.3
2025-10-20,920651,41.18,43.7,48.99,41.18,38789,173502746.47,19.0,6.33,2.6,25.39
2025-10-21,920651,42.43,42.2,42.68,39.93,30032,124091212.62,6.29,-3.43,-1.5,19.66
2025-10-22,920651,42.0,39.91,42.0,39.73,17745,71626314.21,5.38,-5.43,-2.29,11.62
2025-10-23,920651,40.19,43.87,48.78,38.81,39733,174641979.2,24.98,9.92,3.96,26.01
